"","JULDAY","TIME","TALOC","TAREF","RHLOC","RH","VLOC","VREF","SHADEGRASS","SOILMOIST","TDEEP","ZEN","SOLR","TSKYC","DEW","FROST","SNOWFALL","SNOWDEP"
"1",15,0,16.1442222595215,14.3197021484375,52.5708503723145,59.112922668457,0.254736095666885,1.16048061847687,90,30,13.9499998092651,90,0,6.25921630859375,0,0,0,0
"2",15,60,15.1156949996948,14.1785888671875,59.0587425231934,62.7432403564453,0.204161778092384,0.930083274841309,90,30,13.9499998092651,90,0,6.14730834960938,0,0,0,0
"3",15,120,14.8706283569336,14.0724487304688,63.0345268249512,66.3735580444336,0.153587460517883,0.699685871601105,90,30,13.9499998092651,90,0,6.06890869140625,0,0,0,0
"4",15,180,14.8059978485107,13.9925842285156,66.4147491455078,70.0038757324219,0.10301311314106,0.469288498163223,90,30,13.9499998092651,90,0,6.01541137695312,0,0,0,0
"5",15,240,14.8821973800659,13.9324951171875,69.2457885742188,73.6342010498047,0.0488630160689354,0.222601279616356,90,30,13.9499998092651,90,9.28800291148946e-05,5.98049926757812,0,0,0,0
"6",15,300,14.8866739273071,13.8872985839844,72.666389465332,77.5211944580078,0.0451915673911572,0.20587557554245,90,30,13.9499998092651,90,5.07108163833618,5.9610595703125,0,0,0,0
"7",15,360,15.2170295715332,14.1822509765625,72.5120239257812,77.5211944580078,0.0971187651157379,0.442436128854752,90,30,13.9499998092651,79.4075164794922,116.357582092285,6.25680541992188,0,0,0,0
"8",15,420,16.4081592559814,15.5443725585938,67.8973236083984,71.7509536743164,0.14904597401619,0.678996682167053,90,30,13.9499998092651,66.941520690918,288.244415283203,7.5828857421875,0,0,0,0
"9",15,480,18.3314514160156,17.6277465820312,62.7031326293945,65.5416946411133,0.200973212718964,0.915557265281677,90,30,13.9499998092651,54.1719970703125,457.677093505859,9.6248779296875,0,0,0,0
"10",15,540,20.9387969970703,20.1096801757812,56.3740234375,59.3324356079102,0.252900391817093,1.1521178483963,90,30,13.9499998092651,41.2644119262695,612.816040039062,12.0610961914062,0,0,0,0
"11",15,600,23.8492813110352,22.6055908203125,49.2775459289551,53.123176574707,0.304827630519867,1.38867843151093,90,30,13.9499998092651,28.4424915313721,726.438842773438,14.5048217773438,0,0,0,0
"12",15,660,25.7457313537598,24.728759765625,38.3146514892578,40.7046546936035,0.356754809617996,1.62523889541626,90,30,13.9499998092651,16.3577556610107,802.257507324219,16.4918823242188,0,0,0,0
"13",15,720,27.4064540863037,26.1503295898438,37.8060836791992,40.7046546936035,0.460609197616577,2.09836006164551,90,30,13.9499998092651,9.28937530517578,827.407958984375,17.9154968261719,0,0,0,0
"14",15,780,27.8217277526855,26.6500244140625,39.4355430603027,42.2386779785156,0.460609197616577,2.09836006164551,90,30,13.9499998092651,16.3577556610107,801.994873046875,18.4357604980469,0,0,0,0
"15",15,840,27.7830505371094,26.1503295898438,39.7705535888672,43.7726974487305,0.441893517971039,2.01309823989868,90,30,13.9499998092651,28.4424915313721,727.892456054688,17.9542236328125,0,0,0,0
"16",15,900,26.3251247406006,24.728759765625,41.2098808288574,45.3067207336426,0.423177778720856,1.92783641815186,90,30,13.9499998092651,41.2644119262695,614.657958984375,16.5482482910156,0,0,0,0
"17",15,960,24.5378379821777,22.6055908203125,41.6920394897461,46.8407440185547,0.404461950063705,1.84257471561432,90,30,13.9499998092651,54.1719970703125,459.513671875,14.4388427734375,0,0,0,0
"18",15,1020,21.8151168823242,20.1096801757812,43.5593757629395,48.3747673034668,0.385746270418167,1.75731301307678,90,30,13.9499998092651,66.941520690918,289.692230224609,11.9559020996094,0,0,0,0
"19",15,1080,19.3746242523193,17.6277465820312,44.7338752746582,49.9087905883789,0.367030531167984,1.67205107212067,90,30,13.9499998092651,79.4075164794922,117.059860229492,9.48690795898438,0,0,0,0
"20",15,1140,17.261905670166,16.1138916015625,47.8231468200684,51.4428100585938,0.348314821720123,1.58678936958313,90,30,13.9499998092651,90,5.09953022003174,7.98675537109375,0,0,0,0
"21",15,1200,16.517765045166,15.5284118652344,49.7320327758789,52.9768333435059,0.329599052667618,1.50152766704559,90,30,13.9499998092651,90,9.32903785724193e-05,7.41525268554688,0,0,0,0
"22",15,1260,15.8631200790405,15.0879516601562,51.8660621643066,54.510856628418,0.310883343219757,1.41626596450806,90,30,13.9499998092651,90,0,6.98843383789062,0,0,0,0
"23",15,1320,15.5364618301392,14.7565612792969,53.3025436401367,56.0448760986328,0.292167574167252,1.33100414276123,90,30,13.9499998092651,90,0,6.67034912109375,0,0,0,0
"24",15,1380,15.1844644546509,14.5072631835938,55.1187591552734,57.5788993835449,0.273451834917068,1.2457423210144,90,30,13.9499998092651,90,0,6.43408203125,0,0,0,0
"25",46,0,16.0370407104492,14.3327026367188,54.6194305419922,60.9462966918945,0.263520121574402,1.20049726963043,90,30,13.9499998092651,90,0,6.3023681640625,0,0,0,0
"26",46,60,15.0578546524048,14.1933898925781,60.9135284423828,64.411506652832,0.213880822062492,0.974359512329102,90,30,13.9499998092651,90,0,6.18966674804688,0,0,0,0
"27",46,120,14.8183784484863,14.08740234375,64.7422256469727,67.8767166137695,0.164241552352905,0.748221814632416,90,30,13.9499998092651,90,0,6.10897827148438,0,0,0,0
"28",46,180,14.7436256408691,14.0067443847656,68.0194778442383,71.341926574707,0.114602267742157,0.52208423614502,90,30,13.9499998092651,90,0,6.05245971679688,0,0,0,0
"29",46,240,14.8199682235718,13.9453735351562,70.6906814575195,74.8071441650391,0.0505479499697685,0.230277180671692,90,30,13.9499998092651,90,0,6.01419067382812,0,0,0,0
"30",46,300,14.8582706451416,13.8986511230469,74.5049362182617,79.2786331176758,0.034504022449255,0.157187178730965,90,30,13.9499998092651,90,0.0561995096504688,5.99594116210938,0,0,0,0
"31",46,360,14.9610748291016,14.0094604492188,74.5473403930664,79.2786331176758,0.0897525548934937,0.408878415822983,90,30,13.9499998092651,83.5052947998047,65.0476837158203,6.10733032226562,0,0,0,0
"32",46,420,16.0339813232422,15.2062683105469,70.8615570068359,74.7218475341797,0.145001083612442,0.660569667816162,90,30,13.9499998092651,70.7019805908203,233.860366821289,7.27651977539062,0,0,0,0
"33",46,480,17.7533512115479,17.1881103515625,65.9046249389648,68.3002700805664,0.20024961233139,0.912260890007019,90,30,13.9499998092651,57.7890167236328,410.197448730469,9.21694946289062,0,0,0,0
"34",46,540,20.1124019622803,19.6304321289062,60.0569496154785,61.8786926269531,0.255498141050339,1.16395211219788,90,30,13.9499998092651,45.010440826416,557.657592773438,11.6136169433594,0,0,0,0
"35",46,600,22.9538307189941,22.1332702636719,52.7609481811523,55.4571151733398,0.310746669769287,1.41564333438873,90,30,13.9499998092651,32.8127250671387,677.998718261719,14.0646667480469,0,0,0,0
"36",46,660,25.166187286377,24.2867736816406,40.4331970214844,42.6139526367188,0.365995228290558,1.66733467578888,90,30,13.9499998092651,22.429759979248,752.453796386719,16.0857238769531,0,0,0,0
"37",46,720,26.7360000610352,25.7382507324219,40.1758155822754,42.6139526367188,0.476492255926132,2.17071723937988,90,30,13.9499998092651,17.6426525115967,778.523620605469,17.5384826660156,0,0,0,0
"38",46,780,27.3264350891113,26.25,41.43408203125,44.1416473388672,0.476492255926132,2.17071723937988,90,30,13.9499998092651,22.429759979248,752.195678710938,18.0691528320312,0,0,0,0
"39",46,840,27.1139488220215,25.7382507324219,42.110897064209,45.6693420410156,0.457131147384644,2.08251523971558,90,30,13.9499998092651,32.8127250671387,679.493286132812,17.5744934082031,0,0,0,0
"40",46,900,25.7740173339844,24.2867736816406,43.1938896179199,47.1970367431641,0.4377700984478,1.99431347846985,90,30,13.9499998092651,45.010440826416,559.504150390625,16.13818359375,0,0,0,0
"41",46,960,23.8030014038086,22.1332702636719,44.0400276184082,48.7247352600098,0.418408930301666,1.90611159801483,90,30,13.9499998092651,57.7890167236328,412.011199951172,13.99853515625,0,0,0,0
"42",46,1020,21.2154083251953,19.6304321289062,45.5679321289062,50.2524299621582,0.3990478515625,1.8179098367691,90,30,13.9499998092651,70.7019805908203,235.154769897461,11.5090637207031,0,0,0,0
"43",46,1080,18.6574058532715,17.1881103515625,47.2059593200684,51.7801246643066,0.379686713218689,1.72970795631409,90,30,13.9499998092651,83.5052947998047,65.4803619384766,9.0802001953125,0,0,0,0
"44",46,1140,16.997184753418,16.0339965820312,50.1382637023926,53.3078193664551,0.360325634479523,1.64150619506836,90,30,13.9499998092651,90,0.056529127061367,7.9398193359375,0,0,0,0
"45",46,1200,16.3503189086914,15.4879760742188,51.8939514160156,54.8355178833008,0.340964525938034,1.55330431461334,90,30,13.9499998092651,90,0,7.40728759765625,0,0,0,0
"46",46,1260,15.7568311691284,15.072509765625,53.9408569335938,56.3632125854492,0.321603387594223,1.46510255336761,90,30,13.9499998092651,90,0,7.00491333007812,0,0,0,0
"47",46,1320,15.4569530487061,14.75634765625,55.3390693664551,57.8909072875977,0.302242338657379,1.37690091133118,90,30,13.9499998092651,90,0,6.70147705078125,0,0,0,0
"48",46,1380,15.1208581924438,14.5157470703125,57.1444702148438,59.4186019897461,0.282881230115891,1.28869903087616,90,30,13.9499998092651,90,0,6.47329711914062,0,0,0,0
"49",74,0,13.9902782440186,12.3260192871094,55.4677963256836,61.8397483825684,0.254736095666885,1.16048061847687,90,30,13.9499998092651,90,0,4.29376220703125,0,0,0,0
"50",74,60,13.0176382064819,12.18212890625,61.8960494995117,65.3849411010742,0.209430441260338,0.954085290431976,90,30,13.9499998092651,90,0,4.17645263671875,0,0,0,0
"51",74,120,12.7665338516235,12.0713500976562,65.8515167236328,68.9301376342773,0.164124771952629,0.747689962387085,90,30,13.9499998092651,90,0,4.0909423828125,0,0,0,0
"52",74,180,12.6745405197144,11.9859924316406,69.2663726806641,72.4753265380859,0.11881909519434,0.541294515132904,90,30,13.9499998092651,90,0,4.02972412109375,0,0,0,0
"53",74,240,12.743766784668,11.9202575683594,72.012580871582,76.0205230712891,0.0488630160689354,0.222601279616356,90,30,13.9499998092651,90,0,3.98709106445312,0,0,0,0
"54",74,300,12.8821315765381,11.8696594238281,76.2463836669922,81.4946212768555,0.0188160426914692,0.0857187211513519,90,30,13.9499998092651,90,0.000228648175834678,3.9703369140625,0,0,0,0
"55",74,360,12.7288961410522,11.8158874511719,76.742919921875,81.4946212768555,0.0740401968359947,0.337298899888992,90,30,13.9499998092651,88.4306411743164,12.4711866378784,3.91729736328125,0,0,0,0
"56",74,420,13.4372186660767,12.8487243652344,75.2591018676758,78.2098083496094,0.129264339804649,0.58887904882431,90,30,13.9499998092651,75.8903350830078,161.156097412109,4.93096923828125,0,0,0,0
"57",74,480,15.3355779647827,14.7826843261719,68.5222091674805,71.0048217773438,0.184488490223885,0.840459227561951,90,30,13.9499998092651,63.1678276062012,331.069702148438,6.82058715820312,0,0,0,0
"58",74,540,17.8064002990723,17.2794189453125,61.7121887207031,63.7998313903809,0.239712625741959,1.09203934669495,90,30,13.9499998092651,50.975772857666,489.468841552734,9.2681884765625,0,0,0,0
"59",74,600,20.4931373596191,19.9022216796875,54.5640106201172,56.5948448181152,0.294936805963516,1.34361958503723,90,30,13.9499998092651,39.9646759033203,608.937927246094,11.8347778320312,0,0,0,0
"60",74,660,22.8505802154541,22.1922607421875,40.5310821533203,42.184871673584,0.350160926580429,1.59519970417023,90,30,13.9499998092651,31.522891998291,683.148864746094,13.9783325195312,0,0,0,0
"61",74,720,24.4956836700439,23.7489624023438,40.3362197875977,42.184871673584,0.460609197616577,2.09836006164551,90,30,13.9499998092651,28.1444435119629,709.579833984375,15.5362548828125,0,0,0,0
"62",74,780,25.1985511779785,24.2999877929688,41.5330543518066,43.8227767944336,0.460609197616577,2.09836006164551,90,30,13.9499998092651,31.522891998291,682.919555664062,16.1075134277344,0,0,0,0
"63",74,840,24.9139976501465,23.7489624023438,42.3956604003906,45.4606857299805,0.441893517971039,2.01309823989868,90,30,13.9499998092651,39.9646759033203,610.331787109375,15.5747680664062,0,0,0,0
"64",74,900,23.5369472503662,22.1922607421875,43.4134140014648,47.0985908508301,0.423177778720856,1.92783641815186,90,30,13.9499998092651,50.975772857666,491.15185546875,14.0343017578125,0,0,0,0
"65",74,960,21.3835678100586,19.9022216796875,44.4839859008789,48.7364959716797,0.404461950063705,1.84257471561432,90,30,13.9499998092651,63.1678276062012,332.589782714844,11.7591552734375,0,0,0,0
"66",74,1020,18.7080707550049,17.2794189453125,46.044319152832,50.3744049072266,0.385746270418167,1.75731301307678,90,30,13.9499998092651,75.8903350830078,162.082427978516,9.15078735351562,0,0,0,0
"67",74,1080,16.0766487121582,14.7826843261719,47.8670959472656,52.0123100280762,0.367030531167984,1.67205107212067,90,30,13.9499998092651,88.4306411743164,12.5573291778564,6.6685791015625,0,0,0,0
"68",74,1140,14.7935075759888,14.0101013183594,50.9983673095703,53.6502151489258,0.348314821720123,1.58678936958313,90,30,13.9499998092651,90,0.000229793295147829,5.91067504882812,0,0,0,0
"69",74,1200,14.2806987762451,13.4791870117188,52.4827613830566,55.2881240844727,0.329599052667618,1.50152766704559,90,30,13.9499998092651,90,0,5.39398193359375,0,0,0,0
"70",74,1260,13.676082611084,13.0702819824219,54.7203483581543,56.9260292053223,0.310883343219757,1.41626596450806,90,30,13.9499998092651,90,0,4.99887084960938,0,0,0,0
"71",74,1320,13.4109869003296,12.75537109375,56.1067276000977,58.5639343261719,0.292167574167252,1.33100414276123,90,30,13.9499998092651,90,0,4.69735717773438,0,0,0,0
"72",74,1380,13.0696258544922,12.5128173828125,58.0447845458984,60.2018432617188,0.273451834917068,1.2457423210144,90,30,13.9499998092651,90,0,4.46786499023438,0,0,0,0
"73",105,0,10.4780941009521,8.91683959960938,62.4305839538574,69.3325653076172,0.237168088555336,1.08044743537903,90,30,13.9499998092651,90,0,0.931365966796875,0,0,0,0
"74",105,60,9.53867626190186,8.75723266601562,70.3383331298828,74.1456909179688,0.200501948595047,0.913410425186157,90,30,13.9499998092651,90,0,0.80291748046875,0,0,0,0
"75",105,120,9.26864242553711,8.630859375,75.6284866333008,78.9588241577148,0.163835778832436,0.746373355388641,90,30,13.9499998092651,90,0,0.705902099609375,0,0,0,0
"76",105,180,9.14688873291016,8.53076171875,80.353385925293,83.7719497680664,0.127169638872147,0.579336404800415,90,30,13.9499998092651,90,0,0.63360595703125,0,0,0,0
"77",105,240,9.10702610015869,8.45150756835938,84.7421722412109,88.5850830078125,0.090503491461277,0.412299394607544,90,30,13.9499998092651,90,0,0.580718994140625,0,0,0,0
"78",105,300,9.13443374633789,8.38876342773438,88.8024978637695,93.3982086181641,0.04549315944314,0.207249477505684,90,30,13.9499998092651,90,0,0.5430908203125,0,0,0,0
"79",105,360,9.15744018554688,8.33905029296875,93.9560394287109,99.3066711425781,0.0326115898787975,0.148565977811813,90,30,13.9499998092651,90,0.174422398209572,0.522735595703125,0,0,0,0
"80",105,420,9.38329887390137,8.55963134765625,93.9319839477539,99.3066711425781,0.0892160832881927,0.406434446573257,90,30,13.9499998092651,82.202995300293,76.9137344360352,0.74420166015625,0,0,0,0
"81",105,480,10.744478225708,10.2100219726562,86.4638900756836,89.6039123535156,0.145820572972298,0.664302945137024,90,30,13.9499998092651,70.0887908935547,237.087219238281,2.34820556640625,0,0,0,0
"82",105,540,12.8828754425049,12.7882690429688,76.5666809082031,77.0425491333008,0.202425062656403,0.922171413898468,90,30,13.9499998092651,58.9012489318848,387.294586181641,4.858154296875,0,0,0,0
"83",105,600,15.6817979812622,15.7493896484375,64.7608489990234,64.4811859130859,0.259029507637024,1.18003988265991,90,30,13.9499998092651,49.3431739807129,501.751647949219,7.73703002929688,0,0,0,0
"84",105,660,18.7392463684082,18.4675903320312,38.6946334838867,39.358455657959,0.315634071826935,1.437908411026,90,30,13.9499998092651,42.5744247436523,573.595886230469,10.21630859375,0,0,0,0
"85",105,720,20.6412410736084,20.3683471679688,38.7013397216797,39.358455657959,0.428843021392822,1.95364534854889,90,30,13.9499998092651,40.0620803833008,600.6787109375,12.1167602539062,0,0,0,0
"86",105,780,21.6587047576904,21.0499877929688,40.3233337402344,41.8562965393066,0.428843021392822,1.95364534854889,90,30,13.9499998092651,42.5744247436523,573.405090332031,12.8289489746094,0,0,0,0
"87",105,840,21.1661281585693,20.3683471679688,42.2280120849609,44.3541412353516,0.41141802072525,1.87426364421844,90,30,13.9499998092651,49.3431739807129,503.100891113281,12.1757202148438,0,0,0,0
"88",105,900,19.6615428924561,18.4675903320312,43.4887886047363,46.8519821166992,0.393993079662323,1.79488217830658,90,30,13.9499998092651,58.9012489318848,388.859375,10.3008422851562,0,0,0,0
"89",105,960,17.0289573669434,15.7493896484375,45.4867477416992,49.3498268127441,0.376568019390106,1.71550047397614,90,30,13.9499998092651,70.0887908935547,238.366592407227,7.60662841796875,0,0,0,0
"90",105,1020,14.1672506332397,12.7882690429688,47.3910293579102,51.8476676940918,0.359143078327179,1.63611876964569,90,30,13.9499998092651,82.202995300293,77.4334182739258,4.66851806640625,0,0,0,0
"91",105,1080,12.1337242126465,11.2604370117188,51.2971801757812,54.3455123901367,0.341718107461929,1.55673730373383,90,30,13.9499998092651,90,0.175474315881729,3.16268920898438,0,0,0,0
"92",105,1140,11.3712301254272,10.613037109375,54.0495338439941,56.8433532714844,0.324293076992035,1.47735559940338,90,30,13.9499998092651,90,0,2.53610229492188,0,0,0,0
"93",105,1200,10.6886644363403,10.1003723144531,57.0548362731934,59.341194152832,0.306868076324463,1.39797401428223,90,30,13.9499998092651,90,0,2.04327392578125,0,0,0,0
"94",105,1260,10.3004579544067,9.69442749023438,59.3783912658691,61.839038848877,0.289443105459213,1.31859230995178,90,30,13.9499998092651,90,0,1.65631103515625,0,0,0,0
"95",105,1320,9.89845752716064,9.37298583984375,62.1047859191895,64.3368835449219,0.272018074989319,1.23921072483063,90,30,13.9499998092651,90,0,1.35308837890625,0,0,0,0
"96",105,1380,9.65729713439941,9.118408203125,64.453369140625,66.8347244262695,0.254593104124069,1.15982913970947,90,30,13.9499998092651,90,0,1.11602783203125,0,0,0,0
"97",135,0,6.89349126815796,5.47323608398438,64.1436004638672,70.7564697265625,0.237168088555336,1.08044743537903,90,30,13.9499998092651,90,0,-2.45455932617188,0,0,0,0
"98",135,60,6.00659084320068,5.31732177734375,71.663215637207,75.1732788085938,0.202067732810974,0.920543432235718,90,30,13.9499998092651,90,0,-2.58465576171875,0,0,0,0
"99",135,120,5.74468851089478,5.19284057617188,76.5958938598633,79.590087890625,0.166967362165451,0.760639548301697,90,30,13.9499998092651,90,0,-2.68472290039062,0,0,0,0
"100",135,180,5.61892747879028,5.09347534179688,80.9922866821289,84.0068969726562,0.131866946816444,0.600735604763031,90,30,13.9499998092651,90,0,-2.76089477539062,0,0,0,0
"101",135,240,5.56571531295776,5.01412963867188,85.0941009521484,88.4237060546875,0.0967665836215019,0.440831661224365,90,30,13.9499998092651,90,0,-2.81814575195312,0,0,0,0
"102",135,300,5.58317899703979,4.9508056640625,88.8428649902344,92.8405151367188,0.04549315944314,0.207249477505684,90,30,13.9499998092651,90,0,-2.86038208007812,0,0,0,0
"103",135,360,5.65031576156616,4.90023803710938,94.2421569824219,99.2924346923828,0.018481682986021,0.084195502102375,90,30,13.9499998092651,90,0.00201048282906413,-2.88177490234375,0,0,0,0
"104",135,420,5.61131715774536,4.903564453125,94.5193023681641,99.2924346923828,0.0771047323942184,0.351259768009186,90,30,13.9499998092651,87.2348937988281,25.0575389862061,-2.87734985351562,0,0,0,0
"105",135,480,6.7268180847168,6.293212890625,89.7896499633789,92.5126190185547,0.135727778077126,0.618324041366577,90,30,13.9499998092651,75.8163681030273,152.099456787109,-1.520263671875,0,0,0,0
"106",135,540,8.55207061767578,8.7032470703125,80.7624816894531,79.9395980834961,0.194350808858871,0.885388255119324,90,30,13.9499998092651,65.5425720214844,280.720733642578,0.82427978515625,0,0,0,0
"107",135,600,11.5020771026611,11.5879516601562,67.7505950927734,67.366569519043,0.252973884344101,1.15245246887207,90,30,13.9499998092651,57.0651512145996,383.463256835938,3.63101196289062,0,0,0,0
"108",135,660,14.1113929748535,14.2942504882812,42.7238349914551,42.2205123901367,0.311596930027008,1.41951680183411,90,30,13.9499998092651,51.3033027648926,457.689483642578,6.12713623046875,0,0,0,0
"109",135,720,16.2656230926514,16.20947265625,42.0695648193359,42.2205123901367,0.428843021392822,1.95364534854889,90,30,13.9499998092651,49.2318229675293,480.819152832031,8.03799438476562,0,0,0,0
"110",135,780,17.102481842041,16.8999633789062,44.0295944213867,44.5985107421875,0.428843021392822,1.95364534854889,90,30,13.9499998092651,51.3033027648926,457.519104003906,8.75164794921875,0,0,0,0
"111",135,840,16.7737350463867,16.20947265625,45.3191413879395,46.976505279541,0.41141802072525,1.87426364421844,90,30,13.9499998092651,57.0651512145996,384.692291259766,8.08560180664062,0,0,0,0
"112",135,900,15.0703144073486,14.2942504882812,46.9426498413086,49.3544998168945,0.393993079662323,1.79488217830658,90,30,13.9499998092651,65.5425720214844,282.072937011719,6.195556640625,0,0,0,0
"113",135,960,12.639500617981,11.5879516601562,48.2698249816895,51.7324981689453,0.376568019390106,1.71550047397614,90,30,13.9499998092651,75.8163681030273,153.078277587891,3.514892578125,0,0,0,0
"114",135,1020,9.73677349090576,8.70318603515625,50.4681053161621,54.1104965209961,0.359143078327179,1.63611876964569,90,30,13.9499998092651,87.2348937988281,25.2595119476318,0.6556396484375,0,0,0,0
"115",135,1080,8.33111572265625,7.68624877929688,54.0622596740723,56.4884910583496,0.341718107461929,1.55673730373383,90,30,13.9499998092651,90,0.00202402658760548,-0.340789794921875,0,0,0,0
"116",135,1140,7.6747875213623,7.08407592773438,56.5347366333008,58.8664855957031,0.324293076992035,1.47735559940338,90,30,13.9499998092651,90,0,-0.924285888671875,0,0,0,0
"117",135,1200,7.07744026184082,6.60336303710938,59.2813148498535,61.2444839477539,0.306868076324463,1.39797401428223,90,30,13.9499998092651,90,0,-1.3873291015625,0,0,0,0
"118",135,1260,6.70712327957153,6.21957397460938,61.5198249816895,63.6224822998047,0.289443105459213,1.31859230995178,90,30,13.9499998092651,90,0,-1.75433349609375,0,0,0,0
"119",135,1320,6.34774255752563,5.91314697265625,64.0475387573242,66.0004730224609,0.272018074989319,1.23921072483063,90,30,13.9499998092651,90,0,-2.04473876953125,0,0,0,0
"120",135,1380,6.10751533508301,5.66851806640625,66.3310623168945,68.3784713745117,0.254593104124069,1.15982913970947,90,30,13.9499998092651,90,0,-2.27401733398438,0,0,0,0
"121",166,0,4.2660870552063,2.9617919921875,64.9935760498047,71.2572937011719,0.254736095666885,1.16048061847687,90,30,13.9499998092651,90,0,-5.01031494140625,0,0,0,0
"122",166,60,3.39521098136902,2.81072998046875,72.4497146606445,75.5122299194336,0.217892006039619,0.992632865905762,90,30,13.9499998092651,90,0,-5.13589477539062,0,0,0,0
"123",166,120,3.14136743545532,2.68966674804688,77.2515487670898,79.7671585083008,0.181047886610031,0.824785172939301,90,30,13.9499998092651,90,0,-5.2327880859375,0,0,0,0
"124",166,180,3.0138943195343,2.59255981445312,81.5456161499023,84.0220947265625,0.144203782081604,0.65693736076355,90,30,13.9499998092651,90,0,-5.30685424804688,0,0,0,0
"125",166,240,2.95265460014343,2.51473999023438,85.572624206543,88.2770233154297,0.107359662652016,0.489089637994766,90,30,13.9499998092651,90,0,-5.36270141601562,0,0,0,0
"126",166,300,2.95514488220215,2.45233154296875,89.2839431762695,92.5319595336914,0.0488630160689354,0.222601279616356,90,30,13.9499998092651,90,0,-5.404052734375,0,0,0,0
"127",166,360,3.03672790527344,2.40231323242188,94.9108810424805,99.2874298095703,0.011127102188766,0.0506908372044563,90,30,13.9499998092651,90,0.000243657545070164,-5.42233276367188,0,0,0,0
"128",166,420,2.89976954460144,2.31796264648438,95.262565612793,99.2874298095703,0.0753388255834579,0.343215018510818,90,30,13.9499998092651,89.2771835327148,7.11174583435059,-5.50531005859375,0,0,0,0
"129",166,480,3.88129901885986,3.533935546875,91.7739562988281,94.0487365722656,0.139550566673279,0.635739147663116,90,30,13.9499998092651,78.7570724487305,116.675941467285,-4.31436157226562,0,0,0,0
"130",166,540,5.57921457290649,5.8006591796875,82.602409362793,81.3433380126953,0.2037623077631,0.928263366222382,90,30,13.9499998092651,68.9696884155273,246.068283081055,-2.1121826171875,0,0,0,0
"131",166,600,8.42048645019531,8.5848388671875,69.4070663452148,68.6379470825195,0.267974048852921,1.22078764438629,90,30,13.9499998092651,61.0123519897461,351.435150146484,0.595367431640625,0,0,0,0
"132",166,660,10.96409034729,11.2313842773438,44.0015029907227,43.2271575927734,0.33218577504158,1.51331174373627,90,30,13.9499998092651,55.6895599365234,410.739379882812,3.03005981445312,0,0,0,0
"133",166,720,13.0654172897339,13.1177062988281,43.3751602172852,43.2271575927734,0.460609197616577,2.09836006164551,90,30,13.9499998092651,53.797492980957,433.536834716797,4.91427612304688,0,0,0,0
"134",166,780,13.9007196426392,13.7999877929688,45.2656936645508,45.5630035400391,0.460609197616577,2.09836006164551,90,30,13.9499998092651,55.6895599365234,410.602355957031,5.62033081054688,0,0,0,0
"135",166,840,13.5499515533447,13.1177062988281,46.5667533874512,47.8988456726074,0.441893517971039,2.01309823989868,90,30,13.9499998092651,61.0123519897461,352.479949951172,4.96160888671875,0,0,0,0
"136",166,900,11.8829956054688,11.2313842773438,48.1145935058594,50.234691619873,0.423177778720856,1.92783641815186,90,30,13.9499998092651,68.9696884155273,247.167633056641,3.09814453125,0,0,0,0
"137",166,960,9.4432373046875,8.5848388671875,49.6097106933594,52.5705375671387,0.404461950063705,1.84257471561432,90,30,13.9499998092651,78.7570724487305,117.37223815918,0.474090576171875,0,0,0,0
"138",166,1020,6.65628957748413,5.8006591796875,51.7559928894043,54.906379699707,0.385746270418167,1.75731301307678,90,30,13.9499998092651,89.2771835327148,7.16489887237549,-2.28787231445312,0,0,0,0
"139",166,1080,5.51435327529907,5.068603515625,55.4939193725586,57.2422256469727,0.367030531167984,1.67205107212067,90,30,13.9499998092651,90,0.00024513783864677,-3.0008544921875,0,0,0,0
"140",166,1140,4.99106025695801,4.49984741210938,57.5671844482422,59.5780715942383,0.348314821720123,1.58678936958313,90,30,13.9499998092651,90,0,-3.55157470703125,0,0,0,0
"141",166,1200,4.38388109207153,4.04385375976562,60.4535598754883,61.9139175415039,0.329599052667618,1.50152766704559,90,30,13.9499998092651,90,0,-3.9903564453125,0,0,0,0
"142",166,1260,4.08190631866455,3.67825317382812,62.4499549865723,64.249755859375,0.310883343219757,1.41626596450806,90,30,13.9499998092651,90,0,-4.33950805664062,0,0,0,0
"143",166,1320,3.70796966552734,3.38516235351562,65.0856094360352,66.5856018066406,0.292167574167252,1.33100414276123,90,30,13.9499998092651,90,0,-4.61679077148438,0,0,0,0
"144",166,1380,3.50321269035339,3.15017700195312,67.2223587036133,68.9214477539062,0.273451834917068,1.2457423210144,90,30,13.9499998092651,90,0,-4.83657836914062,0,0,0,0
"145",196,0,2.83353495597839,1.4471435546875,62.9254264831543,69.4727096557617,0.263520121574402,1.20049726963043,90,30,13.9499998092651,90,0,-6.58657836914062,0,0,214.314788818359,0
"146",196,60,1.89142179489136,1.28811645507812,70.8988952636719,74.0337829589844,0.225082248449326,1.02538895606995,90,30,13.9499998092651,90,0,-6.7169189453125,0,0,0,0
"147",196,120,1.6224879026413,1.16079711914062,76.0309829711914,78.5948638916016,0.18664439022541,0.85028076171875,90,30,13.9499998092651,90,0,-6.81710815429688,0,0,0,0
"148",196,180,1.48785591125488,1.05889892578125,80.6301879882812,83.1559371948242,0.148206517100334,0.675172448158264,90,30,13.9499998092651,90,0,-6.89328002929688,0,0,0,0
"149",196,240,1.42378044128418,0.977325439453125,84.9441528320312,87.7170104980469,0.10976867377758,0.500064194202423,90,30,13.9499998092651,90,0,-6.95034790039062,0,0,0,0
"150",196,300,1.4234367609024,0.912017822265625,88.9434051513672,92.2780838012695,0.0505479499697685,0.230277180671692,90,30,13.9499998092651,90,0,-6.99224853515625,0,0,0,0
"151",196,360,1.49023699760437,0.8597412109375,94.9000701904297,99.3052749633789,0.0148935867473483,0.0678495094180107,90,30,13.9499998092651,90,0.000542115187272429,-7.01034545898438,0,0,0,0
"152",196,420,1.38359403610229,0.80279541015625,95.2375335693359,99.3052749633789,0.0808362513780594,0.368259161710739,90,30,13.9499998092651,88.4762496948242,12.037088394165,-7.06613159179688,0,0,0,0
"153",196,480,2.47881889343262,2.1351318359375,90.904655456543,93.1597213745117,0.146778926253319,0.668668806552887,90,30,13.9499998092651,77.6882781982422,134.08918762207,-5.76229858398438,0,0,0,0
"154",196,540,4.31099700927734,4.54931640625,81.1232833862305,79.7798233032227,0.212721601128578,0.969078540802002,90,30,13.9499998092651,67.7228775024414,270.351898193359,-3.41668701171875,0,0,0,0
"155",196,600,7.33783149719238,7.48553466796875,67.0741653442383,66.3999328613281,0.278664290904999,1.26948821544647,90,30,13.9499998092651,59.578800201416,380.642578125,-0.563018798828125,0,0,0,0
"156",196,660,10.0031137466431,10.2626953125,40.3348846435547,39.6401443481445,0.344606906175613,1.56989777088165,90,30,13.9499998092651,54.1011810302734,442.657073974609,1.97235107421875,0,0,0,0
"157",196,720,12.2160511016846,12.23681640625,39.6943168640137,39.6401443481445,0.476492255926132,2.17071723937988,90,30,13.9499998092651,52.1466026306152,472.060424804688,3.94586181640625,0,0,0,0
"158",196,780,13.0775766372681,12.9500122070312,41.7761306762695,42.1261901855469,0.476492255926132,2.17071723937988,90,30,13.9499998092651,54.1011810302734,442.524536132812,4.68820190429688,0,0,0,0
"159",196,840,12.7007350921631,12.23681640625,43.2729721069336,44.6122398376465,0.457131147384644,2.08251523971558,90,30,13.9499998092651,59.578800201416,381.644348144531,4.00228881835938,0,0,0,0
"160",196,900,10.9511117935181,10.2626953125,44.9853134155273,47.0982856750488,0.4377700984478,1.99431347846985,90,30,13.9499998092651,67.7228775024414,271.420837402344,2.0531005859375,0,0,0,0
"161",196,960,8.38393020629883,7.48553466796875,46.640811920166,49.5843353271484,0.418408930301666,1.90611159801483,90,30,13.9499998092651,77.6882781982422,134.797225952148,-0.70062255859375,0,0,0,0
"162",196,1020,5.43740320205688,4.54931640625,48.9425582885742,52.0703811645508,0.3990478515625,1.8179098367691,90,30,13.9499998092651,88.4762496948242,12.1166667938232,-3.61410522460938,0,0,0,0
"163",196,1080,4.15103149414062,3.67971801757812,52.7767944335938,54.5564270019531,0.379686713218689,1.72970795631409,90,30,13.9499998092651,90,0.000545308517757803,-4.46249389648438,0,0,0,0
"164",196,1140,3.5815167427063,3.07525634765625,55.0367164611816,57.0424728393555,0.360325634479523,1.64150619506836,90,30,13.9499998092651,90,0,-5.04684448242188,0,0,0,0
"165",196,1200,2.93849968910217,2.59140014648438,58.0788383483887,59.5285224914551,0.340964525938034,1.55330431461334,90,30,13.9499998092651,90,0,-5.51153564453125,0,0,0,0
"166",196,1260,2.61728429794312,2.20407104492188,60.2156410217285,62.0145683288574,0.321603387594223,1.46510255336761,90,30,13.9499998092651,90,0,-5.88052368164062,0,0,0,0
"167",196,1320,2.21983098983765,1.89401245117188,63.0165519714355,64.500617980957,0.302242338657379,1.37690091133118,90,30,13.9499998092651,90,0,-6.1729736328125,0,0,0,0
"168",196,1380,2.00506591796875,1.64581298828125,65.2860488891602,66.9866638183594,0.282881230115891,1.28869903087616,90,30,13.9499998092651,90,0,-6.40423583984375,0,0,0,0
"169",227,0,3.75544738769531,2.25399780273438,59.8648147583008,66.588623046875,0.289872139692307,1.32054686546326,90,30,13.9499998092651,90,0,-5.84710693359375,0,0,0,0
"170",227,60,2.71563839912415,2.08932495117188,68.2924652099609,71.4086456298828,0.246037170290947,1.12085151672363,90,30,13.9499998092651,90,0,-5.97882080078125,0,0,0,0
"171",227,120,2.4378342628479,1.9583740234375,73.6644973754883,76.2286682128906,0.20220223069191,0.921156227588654,90,30,13.9499998092651,90,0,-6.07870483398438,0,0,0,0
"172",227,180,2.30297183990479,1.854248046875,78.4919662475586,81.0486831665039,0.158367276191711,0.721460938453674,90,30,13.9499998092651,90,0,-6.1534423828125,0,0,0,0
"173",227,240,2.246258020401,1.77142333984375,83.0034027099609,85.8687057495117,0.114532336592674,0.52176570892334,90,30,13.9499998092651,90,0,-6.20840454101562,0,0,0,0
"174",227,300,2.24959230422974,1.70559692382812,87.2295150756836,90.6887283325195,0.0556027442216873,0.253304898738861,90,30,13.9499998092651,90,0,-6.2476806640625,0,0,0,0
"175",227,360,2.27242803573608,1.65325927734375,92.9606857299805,97.1685333251953,0.0313613042235374,0.142870143055916,90,30,13.9499998092651,90,0.0187409203499556,-6.26614379882812,0,0,0,0
"176",227,420,2.37554097175598,1.76116943359375,92.9961242675781,97.1685333251953,0.101758487522602,0.463572829961777,90,30,13.9499998092651,84.7717132568359,51.8868637084961,-6.1571044921875,0,0,0,0
"177",227,480,3.73414158821106,3.35043334960938,86.1893081665039,88.5554885864258,0.172155663371086,0.784275531768799,90,30,13.9499998092651,72.9917984008789,205.700820922852,-4.60873413085938,0,0,0,0
"178",227,540,5.85388660430908,5.95651245117188,75.9566345214844,75.4187927246094,0.24255283176899,1.1049782037735,90,30,13.9499998092651,62.2612037658691,357.879760742188,-2.07382202148438,0,0,0,0
"179",227,600,9.09939956665039,9.00949096679688,61.9051704406738,62.2821006774902,0.312949985265732,1.4256808757782,90,30,13.9499998092651,53.2633857727051,468.16162109375,0.892303466796875,0,0,0,0
"180",227,660,11.8008708953857,11.8417053222656,36.1059417724609,36.0087089538574,0.383347153663635,1.74638342857361,90,30,13.9499998092651,47.034839630127,546.538696289062,3.45639038085938,0,0,0,0
"181",227,720,14.0715475082397,13.8337707519531,35.45703125,36.0087089538574,0.524141490459442,2.38778901100159,90,30,13.9499998092651,44.7646560668945,572.519165039062,5.45022583007812,0,0,0,0
"182",227,780,14.835750579834,14.5499877929688,37.8522491455078,38.5570335388184,0.524141490459442,2.38778901100159,90,30,13.9499998092651,47.034839630127,546.391784667969,6.20193481445312,0,0,0,0
"183",227,840,14.5370044708252,13.8337707519531,39.2737770080566,41.1053619384766,0.502844333648682,2.290766954422,90,30,13.9499998092651,53.2633857727051,469.210235595703,5.51702880859375,0,0,0,0
"184",227,900,12.6280603408813,11.8417053222656,41.4517478942871,43.6536865234375,0.481547027826309,2.19374489784241,90,30,13.9499998092651,62.2612037658691,359.083862304688,3.55178833007812,0,0,0,0
"185",227,960,10.1228227615356,9.00949096679688,42.8698654174805,46.2020149230957,0.460249871015549,2.0967230796814,90,30,13.9499998092651,72.9917984008789,206.624862670898,0.7431640625,0,0,0,0
"186",227,1020,6.8832631111145,5.95651245117188,45.7324371337891,48.7503395080566,0.438952594995499,1.99970090389252,90,30,13.9499998092651,84.7717132568359,52.1786270141602,-2.28759765625,0,0,0,0
"187",227,1080,5.3046932220459,4.63058471679688,48.9417877197266,51.2986679077148,0.417655408382416,1.90267884731293,90,30,13.9499998092651,90,0.0188333354890347,-3.5906982421875,0,0,0,0
"188",227,1140,4.44339895248413,3.97909545898438,52.1202621459961,53.8469924926758,0.39635819196701,1.80565690994263,90,30,13.9499998092651,90,0,-4.219970703125,0,0,0,0
"189",227,1200,3.92638778686523,3.4610595703125,54.5753593444824,56.3953170776367,0.37506103515625,1.70863497257233,90,30,13.9499998092651,90,0,-4.71682739257812,0,0,0,0
"190",227,1260,3.41890788078308,3.04913330078125,57.4213333129883,58.9436454772949,0.353763788938522,1.61161291599274,90,30,13.9499998092651,90,0,-5.10845947265625,0,0,0,0
"191",227,1320,3.12965703010559,2.7215576171875,59.7372703552246,61.4919700622559,0.332466542720795,1.51459085941315,90,30,13.9499998092651,90,0,-5.41650390625,0,0,0,0
"192",227,1380,2.79367184638977,2.46112060546875,62.5435409545898,64.0402984619141,0.311169385910034,1.41756904125214,90,30,13.9499998092651,90,0,-5.65814208984375,0,0,0,0
"193",258,0,6.27990484237671,4.64337158203125,55.4254989624023,62.1011505126953,0.316224098205566,1.44059646129608,90,30,13.9499998092651,90,0,-3.45608520507812,0,0,0,0
"194",258,60,5.14624786376953,4.47470092773438,63.8867492675781,66.9553146362305,0.265880703926086,1.21125102043152,90,30,13.9499998092651,90,0,-3.58953857421875,0,0,0,0
"195",258,120,4.8658447265625,4.3419189453125,69.224479675293,71.8094787597656,0.215537250041962,0.981905579566956,90,30,13.9499998092651,90,0,-3.68930053710938,0,0,0,0
"196",258,180,4.73786878585815,4.23733520507812,74.0225524902344,76.6636428833008,0.16519384086132,0.752560138702393,90,30,13.9499998092651,90,0,-3.7628173828125,0,0,0,0
"197",258,240,4.69905185699463,4.15499877929688,78.4684448242188,81.5178070068359,0.114850401878357,0.52321469783783,90,30,13.9499998092651,90,0,-3.81576538085938,0,0,0,0
"198",258,300,4.71261119842529,4.09017944335938,82.6847457885742,86.3719635009766,0.0606575384736061,0.27633261680603,90,30,13.9499998092651,90,1.3976362424728e-05,-3.85269165039062,0,0,0,0
"199",258,360,4.70023632049561,4.03912353515625,87.4487762451172,91.597297668457,0.0550125800073147,0.2506163418293,90,30,13.9499998092651,90,4.04944562911987,-3.87521362304688,0,0,0,0
"200",258,420,5.16859531402588,4.45135498046875,87.1207275390625,91.597297668457,0.128838032484055,0.586936950683594,90,30,13.9499998092651,78.8180465698242,123.55004119873,-3.4615478515625,0,0,0,0
"201",258,480,6.76016807556152,6.33343505859375,78.1989898681641,80.5317687988281,0.202663466334343,0.92325747013092,90,30,13.9499998092651,66.3360748291016,295.165679931641,-1.63739013671875,0,0,0,0
"202",258,540,9.16394424438477,9.11944580078125,68.344612121582,68.5500793457031,0.276488900184631,1.25957798957825,90,30,13.9499998092651,54.5839805603027,450.087799072266,1.076416015625,0,0,0,0
"203",258,600,12.6089162826538,12.24560546875,55.233699798584,56.5683860778809,0.350314378738403,1.59589874744415,90,30,13.9499998092651,44.2584495544434,575.751037597656,4.11395263671875,0,0,0,0
"204",258,660,15.2998065948486,15.0791625976562,32.1456527709961,32.6049995422363,0.424139857292175,1.93221938610077,90,30,13.9499998092651,36.6664009094238,655.483459472656,6.67791748046875,0,0,0,0
"205",258,720,17.5506820678711,17.0466918945312,31.5819797515869,32.6049995422363,0.571790754795074,2.60486054420471,90,30,13.9499998092651,33.7536659240723,682.436340332031,8.64572143554688,0,0,0,0
"206",258,780,18.2239265441895,17.75,34.0330047607422,35.0630111694336,0.571790754795074,2.60486054420471,90,30,13.9499998092651,36.6664009094238,655.294921875,9.38583374023438,0,0,0,0
"207",258,840,17.9970893859863,17.0466918945312,35.3355407714844,37.5210266113281,0.54855740070343,2.49901843070984,90,30,13.9499998092651,44.2584495544434,577.038146972656,8.71600341796875,0,0,0,0
"208",258,900,16.008918762207,15.0791625976562,37.6651573181152,39.9790382385254,0.525323987007141,2.39317607879639,90,30,13.9499998092651,54.5839805603027,451.59912109375,6.77816772460938,0,0,0,0
"209",258,960,13.5510482788086,12.24560546875,38.960391998291,42.4370498657227,0.502090692520142,2.28733396530151,90,30,13.9499998092651,66.3360748291016,296.489105224609,3.97140502929688,0,0,0,0
"210",258,1020,10.1809463500977,9.11944580078125,41.8046493530273,44.8950614929199,0.478857427835464,2.18149185180664,90,30,13.9499998092651,78.8180465698242,124.243438720703,0.870452880859375,0,0,0,0
"211",258,1080,8.09699630737305,7.17825317382812,44.473819732666,47.3530769348145,0.455624103546143,2.07564949989319,90,30,13.9499998092651,90,4.0705623626709,-1.04629516601562,0,0,0,0
"212",258,1140,6.92986345291138,6.47073364257812,48.2622909545898,49.8110885620117,0.432390749454498,1.9698075056076,90,30,13.9499998092651,90,1.40117963383091e-05,-1.73046875,0,0,0,0
"213",258,1200,6.52716684341431,5.91363525390625,50.1004867553711,52.269100189209,0.409157395362854,1.86396515369415,90,30,13.9499998092651,90,0,-2.265380859375,0,0,0,0
"214",258,1260,5.81410217285156,5.4749755859375,53.4542808532715,54.7271118164062,0.385924100875854,1.75812304019928,90,30,13.9499998092651,90,0,-2.682861328125,0,0,0,0
"215",258,1320,5.66607332229614,5.12954711914062,55.0913314819336,57.1851272583008,0.362690806388855,1.65228092670441,90,30,13.9499998092651,90,0,-3.008056640625,0,0,0,0
"216",258,1380,5.15715646743774,4.8575439453125,58.4097099304199,59.643138885498,0.339457452297211,1.54643869400024,90,30,13.9499998092651,90,0,-3.2606201171875,0,0,0,0
"217",288,0,9.6942081451416,7.90658569335938,55.1795845031738,62.2724838256836,0.307440102100372,1.40057992935181,90,30,13.9499998092651,90,0,-0.141571044921875,0,0,0,0
"218",288,60,8.53594017028809,7.7523193359375,64.0660018920898,67.5726547241211,0.250989019870758,1.14341044425964,90,30,13.9499998092651,90,0,-0.258056640625,0,0,0,0
"219",288,120,8.2725076675415,7.63430786132812,69.7730484008789,72.8728256225586,0.194537997245789,0.886240899562836,90,30,13.9499998092651,90,0,-0.34088134765625,0,0,0,0
"220",288,180,8.18039226531982,7.54403686523438,74.8550033569336,78.1730041503906,0.138086929917336,0.629071474075317,90,30,13.9499998092651,90,0,-0.398223876953125,0,0,0,0
"221",288,240,8.25243663787842,7.47494506835938,79.1650085449219,83.4731750488281,0.0589726120233536,0.268656730651855,90,30,13.9499998092651,90,0,-0.436279296875,0,0,0,0
"222",288,300,8.31679153442383,7.422119140625,85.5238418579102,90.9011917114258,0.0327171236276627,0.149046748876572,90,30,13.9499998092651,90,0.00521099241450429,-0.44842529296875,0,0,0,0
"223",288,360,8.30743789672852,7.45867919921875,85.7926559448242,90.9011917114258,0.0981159433722496,0.446978807449341,90,30,13.9499998092651,85.770881652832,40.6861801147461,-0.4111328125,0,0,0,0
"224",288,420,9.42972850799561,8.6923828125,80.6633911132812,84.7798690795898,0.163514733314514,0.744910895824432,90,30,13.9499998092651,72.8811950683594,204.15592956543,0.7908935546875,0,0,0,0
"225",288,480,11.2010459899902,10.8373718261719,72.7724151611328,74.5526428222656,0.228913575410843,1.04284298419952,90,30,13.9499998092651,60.0047187805176,382.668426513672,2.87777709960938,0,0,0,0
"226",288,540,14.1317195892334,13.5321655273438,61.867057800293,64.3254241943359,0.294312387704849,1.34077501296997,90,30,13.9499998092651,47.4323844909668,532.364929199219,5.50515747070312,0,0,0,0
"227",288,600,16.8313751220703,16.3226623535156,52.375602722168,54.0982093811035,0.359711170196533,1.63870704174042,90,30,13.9499998092651,35.7163543701172,654.627319335938,8.21429443359375,0,0,0,0
"228",288,660,19.4567718505859,18.7385864257812,32.1699295043945,33.6437721252441,0.425110012292862,1.93663918972015,90,30,13.9499998092651,26.2245998382568,731.830932617188,10.3991088867188,0,0,0,0
"229",288,720,21.0207500457764,20.3728332519531,32.3272972106934,33.6437721252441,0.555907487869263,2.53250312805176,90,30,13.9499998092651,22.1632919311523,756.740234375,12.0325622558594,0,0,0,0
"230",288,780,21.8719272613525,20.9500122070312,34.0508499145508,36.0294990539551,0.555907487869263,2.53250312805176,90,30,13.9499998092651,26.2245998382568,731.595825195312,12.6434020996094,0,0,0,0
"231",288,840,21.3969497680664,20.3728332519531,36.0696716308594,38.4152221679688,0.533319652080536,2.42960095405579,90,30,13.9499998092651,35.7163543701172,656.013732910156,12.097900390625,0,0,0,0
"232",288,900,20.0523624420166,18.7385864257812,37.5979080200195,40.8009490966797,0.51073169708252,2.32669878005981,90,30,13.9499998092651,47.4323844909668,534.058532714844,10.4928588867188,0,0,0,0
"233",288,960,17.6333065032959,16.3226318359375,39.7425270080566,43.1866760253906,0.488143771886826,2.22379660606384,90,30,13.9499998092651,60.0047187805176,384.293792724609,8.10391235351562,0,0,0,0
"234",288,1020,14.9338665008545,13.5321655273438,41.6160469055176,45.5724029541016,0.465555787086487,2.12089467048645,90,30,13.9499998092651,72.8811950683594,205.241394042969,5.3389892578125,0,0,0,0
"235",288,1080,11.9643306732178,10.8373413085938,44.5075187683105,47.9581298828125,0.442967802286148,2.01799249649048,90,30,13.9499998092651,85.770881652832,40.9461212158203,2.66864013671875,0,0,0,0
"236",288,1140,10.5420722961426,9.75485229492188,47.7602958679199,50.3438568115234,0.420379877090454,1.9150904417038,90,30,13.9499998092651,90,0.00523878633975983,1.60888671875,0,0,0,0
"237",288,1200,9.81738662719727,9.1663818359375,50.4701385498047,52.7295799255371,0.397791862487793,1.81218826770782,90,30,13.9499998092651,90,0,1.04180908203125,0,0,0,0
"238",288,1260,9.29107284545898,8.71615600585938,53.0162200927734,55.115306854248,0.375203937292099,1.70928609371185,90,30,13.9499998092651,90,0,0.6119384765625,0,0,0,0
"239",288,1320,8.83408164978027,8.37173461914062,55.7276954650879,57.5010299682617,0.352616012096405,1.60638415813446,90,30,13.9499998092651,90,0,0.2869873046875,0,0,0,0
"240",288,1380,8.40625858306885,8.10818481445312,58.6862144470215,59.8867568969727,0.330028086900711,1.50348210334778,90,30,13.9499998092651,90,0,0.042083740234375,0,0,0,0
"241",319,0,12.3883123397827,10.5210571289062,55.7764129638672,63.118839263916,0.307440102100372,1.40057992935181,90,30,13.9499998092651,90,0,2.4652099609375,0,0,0,0
"242",319,60,11.218448638916,10.369140625,64.9218368530273,68.6986389160156,0.247537821531296,1.1276878118515,90,30,13.9499998092651,90,0,2.35440063476562,0,0,0,0
"243",319,120,10.9626817703247,10.25439453125,70.8521118164062,74.2784423828125,0.187635451555252,0.854795634746552,90,30,13.9499998092651,90,0,2.27786254882812,0,0,0,0
"244",319,180,10.8898677825928,10.167724609375,76.1018218994141,79.8582458496094,0.127733141183853,0.581903576850891,90,30,13.9499998092651,90,0,2.2269287109375,0,0,0,0
"245",319,240,10.972451210022,10.1022338867188,80.6191482543945,85.4380493164062,0.058972604572773,0.268656730651855,90,30,13.9499998092651,90,1.61191219376633e-05,2.19500732421875,0,0,0,0
"246",319,300,10.983959197998,10.0527648925781,86.3101577758789,91.8429794311523,0.0496139079332352,0.22602204978466,90,30,13.9499998092651,90,1.12083196640015,2.18182373046875,0,0,0,0
"247",319,360,11.2489376068115,10.297119140625,86.2025375366211,91.8429794311523,0.112900614738464,0.514332175254822,90,30,13.9499998092651,80.7799987792969,99.2391738891602,2.42721557617188,0,0,0,0
"248",319,420,12.4898843765259,11.7093505859375,79.2932205200195,83.4779891967773,0.176187321543694,0.802642226219177,90,30,13.9499998092651,68.1729354858398,277.032135009766,3.79559326171875,0,0,0,0
"249",319,480,14.4253101348877,13.9255981445312,71.3135223388672,73.6613311767578,0.239474013447762,1.09095239639282,90,30,13.9499998092651,55.3216934204102,446.576263427734,5.95510864257812,0,0,0,0
"250",319,540,17.059642791748,16.5958862304688,61.9924659729004,63.8446731567383,0.302760750055313,1.37926256656647,90,30,13.9499998092651,42.4153327941895,605.481628417969,8.55972290039062,0,0,0,0
"251",319,600,20.0896110534668,19.2984619140625,51.4383239746094,54.0280151367188,0.366047412157059,1.66757261753082,90,30,13.9499998092651,29.7511978149414,722.028381347656,11.1827697753906,0,0,0,0
"252",319,660,22.4260215759277,21.6063232421875,32.7175750732422,34.3946990966797,0.429334104061127,1.95588278770447,90,30,13.9499998092651,18.221378326416,799.314025878906,13.2613525390625,0,0,0,0
"253",319,720,24.0938034057617,23.1550903320312,32.5037879943848,34.3946990966797,0.555907487869263,2.53250312805176,90,30,13.9499998092651,12.1198377609253,825.466064453125,14.8113098144531,0,0,0,0
"254",319,780,24.7039356231689,23.7000122070312,34.6387939453125,36.7883758544922,0.555907487869263,2.53250312805176,90,30,13.9499998092651,18.221378326416,799.067626953125,15.3918762207031,0,0,0,0
"255",319,840,24.4411563873291,23.1550903320312,36.2649040222168,39.182056427002,0.533319652080536,2.42960095405579,90,30,13.9499998092651,29.7511978149414,723.412048339844,14.879150390625,0,0,0,0
"256",319,900,23.0131778717041,21.6063232421875,38.1647338867188,41.5757331848145,0.51073169708252,2.32669878005981,90,30,13.9499998092651,42.4153327941895,607.224426269531,13.3587646484375,0,0,0,0
"257",319,960,20.8548736572266,19.2984619140625,39.9307632446289,43.9694137573242,0.488143771886826,2.22379660606384,90,30,13.9499998092651,55.3216934204102,448.292205810547,11.0761108398438,0,0,0,0
"258",319,1020,18.1037693023682,16.5958862304688,42.1470527648926,46.3630905151367,0.465555787086487,2.12089467048645,90,30,13.9499998092651,68.1729354858398,278.364440917969,8.3966064453125,0,0,0,0
"259",319,1080,15.3209199905396,13.9255981445312,44.5546836853027,48.7567672729492,0.442967802286148,2.01799249649048,90,30,13.9499998092651,80.7799987792969,99.812614440918,5.74826049804688,0,0,0,0
"260",319,1140,13.3685550689697,12.4246215820312,48.0847587585449,51.150447845459,0.420379877090454,1.9150904417038,90,30,13.9499998092651,90,1.12675142288208,4.26919555664062,0,0,0,0
"261",319,1200,12.578784942627,11.8071594238281,50.8917083740234,53.5441284179688,0.397791862487793,1.81218826770782,90,30,13.9499998092651,90,1.61270381795475e-05,3.67327880859375,0,0,0,0
"262",319,1260,11.9785995483398,11.3406982421875,53.6274719238281,55.9378051757812,0.375203937292099,1.70928609371185,90,30,13.9499998092651,90,0,3.22744750976562,0,0,0,0
"263",319,1320,11.6232900619507,10.9883117675781,55.9264945983887,58.3314819335938,0.352616012096405,1.60638415813446,90,30,13.9499998092651,90,0,2.89486694335938,0,0,0,0
"264",319,1380,11.2621946334839,10.7221374511719,58.5839042663574,60.7251586914062,0.330028086900711,1.50348210334778,90,30,13.9499998092651,90,0,2.6478271484375,0,0,0,0
"265",349,0,14.9656429290771,13.046630859375,56.7902565002441,64.3232727050781,0.28108811378479,1.28053021430969,90,30,13.9499998092651,90,0,5.0079345703125,0,0,0,0
"266",349,60,13.841757774353,12.8974609375,65.8536376953125,70.0377578735352,0.224481746554375,1.02265322208405,90,30,13.9499998092651,90,0,4.90103149414062,0,0,0,0
"267",349,120,13.592098236084,12.7855834960938,71.8644638061523,75.7522354125977,0.167875364422798,0.764776229858398,90,30,13.9499998092651,90,0,4.82846069335938,0,0,0,0
"268",349,180,13.534592628479,12.70166015625,77.1500015258789,81.4667205810547,0.111268989741802,0.506899058818817,90,30,13.9499998092651,90,0,4.78128051757812,0,0,0,0
"269",349,240,13.6246700286865,12.6387634277344,81.7409744262695,87.1812057495117,0.0539178103208542,0.245628982782364,90,30,13.9499998092651,90,0.000338489277055487,4.7529296875,0,0,0,0
"270",349,300,13.6542081832886,12.591552734375,86.7327194213867,92.9708786010742,0.0531693212687969,0.242219150066376,90,30,13.9499998092651,90,15.3925685882568,4.73870849609375,0,0,0,0
"271",349,360,14.0342407226562,12.9596557617188,86.6830444335938,92.9708786010742,0.110055454075336,0.501370668411255,90,30,13.9499998092651,78.4357528686523,131.194351196289,5.10830688476562,0,0,0,0
"272",349,420,15.3245897293091,14.4375610351562,78.8846282958984,83.526611328125,0.166941583156586,0.760522305965424,90,30,13.9499998092651,66.0884399414062,304.462493896484,6.53628540039062,0,0,0,0
"273",349,480,17.3499088287354,16.6581420898438,70.7829437255859,73.9564208984375,0.223827719688416,1.01967370510101,90,30,13.9499998092651,53.400016784668,474.159362792969,8.701416015625,0,0,0,0
"274",349,540,20.0315723419189,19.2822875976562,61.4587593078613,64.38623046875,0.280713856220245,1.27882528305054,90,30,13.9499998092651,40.5223197937012,629.39453125,11.2615356445312,0,0,0,0
"275",349,600,23.0108051300049,21.9091186523438,51.2658958435059,54.8160400390625,0.337599962949753,1.53797686100006,90,30,13.9499998092651,27.6326370239258,742.915283203125,13.8109741210938,0,0,0,0
"276",349,660,25.0658378601074,24.1373901367188,33.749267578125,35.6756591796875,0.39448606967926,1.79712820053101,90,30,13.9499998092651,15.2009286880493,818.623840332031,15.8166198730469,0,0,0,0
"277",349,720,26.7624492645264,25.6268920898438,33.3611450195312,35.6756591796875,0.508258402347565,2.31543159484863,90,30,13.9499998092651,7.26017618179321,843.764099121094,17.3081359863281,0,0,0,0
"278",349,780,27.2294044494629,26.1499633789062,35.7203140258789,38.0629615783691,0.508258402347565,2.31543159484863,90,30,13.9499998092651,15.2009286880493,818.369079589844,17.8666381835938,0,0,0,0
"279",349,840,27.1422557830811,25.6268920898438,36.9915771484375,40.4502601623535,0.487606555223465,2.22134971618652,90,30,13.9499998092651,27.6326370239258,744.309936523438,17.3751831054688,0,0,0,0
"280",349,900,25.6337718963623,24.1373901367188,39.1790351867676,42.8375625610352,0.466954737901688,2.12726759910583,90,30,13.9499998092651,40.5223197937012,631.169067382812,15.9131469726562,0,0,0,0
"281",349,960,23.7416801452637,21.9091186523438,40.4708480834961,45.2248611450195,0.446302860975266,2.03318572044373,90,30,13.9499998092651,53.400016784668,475.944061279297,13.7088317871094,0,0,0,0
"282",349,1020,20.9012279510498,19.2822875976562,43.0724563598633,47.6121635437012,0.425651013851166,1.93910384178162,90,30,13.9499998092651,66.0884399414062,305.896820068359,11.1036071777344,0,0,0,0
"283",349,1080,18.3543968200684,16.6581420898438,44.9204216003418,49.9994659423828,0.404999136924744,1.84502184391022,90,30,13.9499998092651,78.4357528686523,131.936935424805,8.49993896484375,0,0,0,0
"284",349,1140,16.0768184661865,14.96484375,48.7806701660156,52.3867645263672,0.384347319602966,1.75093996524811,90,30,13.9499998092651,90,15.4746160507202,6.82742309570312,0,0,0,0
"285",349,1200,15.3144721984863,14.3360290527344,51.424617767334,54.7740669250488,0.363695502281189,1.656858086586,90,30,13.9499998092651,90,0.000339672580594197,6.21978759765625,0,0,0,0
"286",349,1260,14.5821485519409,13.8644409179688,54.5640754699707,57.1613693237305,0.343043625354767,1.5627760887146,90,30,13.9499998092651,90,0,5.76861572265625,0,0,0,0
"287",349,1320,14.2890338897705,13.5108032226562,56.6130638122559,59.5486679077148,0.322391778230667,1.46869421005249,90,30,13.9499998092651,90,0,5.43463134765625,0,0,0,0
"288",349,1380,13.870569229126,13.2455444335938,59.465087890625,61.9359703063965,0.30173996090889,1.37461233139038,90,30,13.9499998092651,90,0,5.18841552734375,0,0,0,0
