"","JULDAY","TIME","D0cm","D2.5cm","D5cm","D10cm","D15cm","D20cm","D30cm","D50cm","D100cm","D200cm"
"1",15,0,14.7562713623047,21.758638381958,25.6487636566162,26.5510005950928,26.1076145172119,24.9513454437256,22.0563354492188,19.1196842193604,17.8647384643555,13.9499998092651
"2",15,60,14.6618490219116,20.8102531433105,24.7717609405518,25.8482093811035,25.7047996520996,24.8177928924561,22.1745643615723,19.1677551269531,17.8623065948486,13.9499998092651
"3",15,120,14.4583587646484,20.0961303710938,24.0073051452637,25.2074337005615,25.2950401306152,24.6402053833008,22.2662525177002,19.2165355682373,17.8600616455078,13.9499998092651
"4",15,180,14.2963485717773,19.5233631134033,23.3460388183594,24.6239681243896,24.8910045623779,24.4336490631104,22.3317337036133,19.2654972076416,17.8580055236816,13.9499998092651
"5",15,240,14.1698589324951,19.0554676055908,22.7692832946777,24.0942916870117,24.4998207092285,24.2096252441406,22.3724117279053,19.3141460418701,17.8561363220215,13.9499998092651
"6",15,300,14.3157777786255,18.6654586791992,22.2629661560059,23.6136569976807,24.1255397796631,23.9765815734863,22.390308380127,19.3620319366455,17.8544521331787,13.9499998092651
"7",15,360,18.8189029693604,18.8762016296387,21.8657741546631,23.1801471710205,23.7712707519531,23.7403316497803,22.3878498077393,19.4087600708008,17.8529491424561,13.9499998092651
"8",15,420,28.4526901245117,20.9782485961914,21.8891067504883,22.8622913360596,23.4498043060303,23.5066337585449,22.3675212860107,19.4539947509766,17.851619720459,13.9499998092651
"9",15,480,39.4696578979492,24.9184856414795,22.6055870056152,22.8039054870605,23.2084426879883,23.2878704071045,22.3322200775146,19.4974632263184,17.8504581451416,13.9499998092651
"10",15,540,49.5792694091797,29.8400764465332,24.0192966461182,23.1093902587891,23.1128520965576,23.1086082458496,22.2860584259033,19.5389633178711,17.8494548797607,13.9499998092651
"11",15,600,57.3690567016602,34.9445533752441,25.9348220825195,23.7972717285156,23.2118301391602,23.0004291534424,22.2350788116455,19.5783939361572,17.8486042022705,13.9499998092651
"12",15,660,62.2313423156738,39.5346832275391,28.1111354827881,24.7948627471924,23.5224494934082,22.9911956787109,22.1871757507324,19.6157932281494,17.8478965759277,13.9499998092651
"13",15,720,63.602668762207,42.9958763122559,30.2641506195068,26.0021686553955,24.0210456848145,23.0977783203125,22.15114402771,19.6513614654541,17.8473243713379,13.9499998092651
"14",15,780,62.5939826965332,45.2946968078613,32.1656341552734,27.2636280059814,24.6662120819092,23.3195972442627,22.135440826416,19.6854591369629,17.8468818664551,13.9499998092651
"15",15,840,61.1821556091309,46.505256652832,33.7126159667969,28.4872150421143,25.3886642456055,23.6432952880859,22.1467399597168,19.7185859680176,17.8465614318848,13.9499998092651
"16",15,900,56.9174423217773,46.5950736999512,34.8550796508789,29.5799961090088,26.1373844146729,24.0432567596436,22.1891956329346,19.751335144043,17.846363067627,13.9499998092651
"17",15,960,49.8379745483398,45.3193473815918,35.4796943664551,30.4713096618652,26.8573207855225,24.4905796051025,22.264102935791,19.7843322753906,17.846284866333,13.9499998092651
"18",15,1020,40.824893951416,42.6109161376953,35.4819297790527,31.0811882019043,27.4942188262939,24.953311920166,22.3700008392334,19.8181858062744,17.8463230133057,13.9499998092651
"19",15,1080,30.7477378845215,38.6854934692383,34.8237266540527,31.3418312072754,27.9939632415771,25.3971729278564,22.502799987793,19.8534374237061,17.8464908599854,13.9499998092651
"20",15,1140,21.8112258911133,34.147590637207,33.5622520446777,31.2157154083252,28.3099040985107,25.7873458862305,22.6559810638428,19.8905067443848,17.8467864990234,13.9499998092651
"21",15,1200,18.4886150360107,29.9091777801514,31.9484157562256,30.7343063354492,28.4140682220459,26.0923175811768,22.8209991455078,19.9296588897705,17.8472175598145,13.9499998092651
"22",15,1260,17.4083118438721,26.9677124023438,30.2887382507324,30.0263919830322,28.3188209533691,26.2895984649658,22.988094329834,19.9709720611572,17.8477916717529,13.9499998092651
"23",15,1320,16.0659141540527,24.9805088043213,28.8516521453857,29.2063694000244,28.0740184783936,26.3742942810059,23.147533416748,20.0143356323242,17.8485164642334,13.9499998092651
"24",15,1380,15.897985458374,23.3672943115234,27.6320724487305,28.3963298797607,27.7225952148438,26.3591442108154,23.291130065918,20.0594654083252,17.8493957519531,13.9499998092651
"25",46,0,14.9001045227051,20.8618698120117,24.4917297363281,25.3193054199219,24.9758911132812,23.9773902893066,21.4102573394775,18.7951316833496,17.6560649871826,13.9499998092651
"26",46,60,14.5603513717651,20.0750122070312,23.6967849731445,24.6920795440674,24.6058139801025,23.8480529785156,21.5152244567871,18.8382949829102,17.6535472869873,13.9499998092651
"27",46,120,14.3421936035156,19.4432849884033,23.0141429901123,24.1170349121094,24.2325267791748,23.6808032989502,21.5955047607422,18.8820648193359,17.6512012481689,13.9499998092651
"28",46,180,14.1766481399536,18.930290222168,22.4224414825439,23.5932769775391,23.8657093048096,23.4890232086182,21.6516513824463,18.925952911377,17.6490287780762,13.9499998092651
"29",46,240,14.0526037216187,18.5056552886963,21.9055690765381,23.1170177459717,23.5113658905029,23.2827014923096,21.6851272583008,18.9694957733154,17.6470279693604,13.9499998092651
"30",46,300,13.9685897827148,18.1489429473877,21.4508800506592,22.6837882995605,23.1728649139404,23.0691013336182,21.697904586792,19.0122871398926,17.6451969146729,13.9499998092651
"31",46,360,16.0354423522949,18.2076950073242,21.0738182067871,22.2891502380371,22.8516311645508,22.8533096313477,21.6922740936279,19.0539627075195,17.6435298919678,13.9499998092651
"32",46,420,24.3526649475098,19.5493278503418,20.9903087615967,21.9721717834473,22.554557800293,22.6398296356201,21.6705303192139,19.0942192077637,17.6420230865479,13.9499998092651
"33",46,480,36.2165451049805,22.9029884338379,21.4873580932617,21.8709144592285,22.3159294128418,22.4368686676025,21.6352195739746,19.1328067779541,17.6406688690186,13.9499998092651
"34",46,540,45.5800628662109,27.7380218505859,22.700740814209,22.0907325744629,22.2070007324219,22.2637042999268,21.5897407531738,19.1695404052734,17.6394596099854,13.9499998092651
"35",46,600,54.0439186096191,32.5646057128906,24.5134868621826,22.6832427978516,22.271390914917,22.1535091400146,21.5391864776611,19.2043209075928,17.6383876800537,13.9499998092651
"36",46,660,58.6425590515137,37.1881217956543,26.5405158996582,23.6159229278564,22.5382289886475,22.1329002380371,21.4909133911133,19.2371711730957,17.6374454498291,13.9499998092651
"37",46,720,59.8129653930664,40.6245384216309,28.6322689056396,24.7417945861816,22.9973220825195,22.2214336395264,21.4532241821289,19.2682685852051,17.636625289917,13.9499998092651
"38",46,780,59.8517303466797,42.8009300231934,30.4626197814941,25.9489116668701,23.5990467071533,22.422212600708,21.4343814849854,19.2979507446289,17.6359195709229,13.9499998092651
"39",46,840,58.0468521118164,44.0425300598145,31.9621028900146,27.1153202056885,24.2841205596924,22.7221908569336,21.4411201477051,19.3266944885254,17.6353244781494,13.9499998092651
"40",46,900,53.4746284484863,44.0952949523926,33.0586280822754,28.1618099212646,24.9955654144287,23.0977535247803,21.4776821136475,19.3550701141357,17.6348361968994,13.9499998092651
"41",46,960,46.4982681274414,42.7497520446777,33.6319313049316,29.0079002380371,25.6794681549072,23.5201854705811,21.5454959869385,19.3836841583252,17.6344547271729,13.9499998092651
"42",46,1020,37.3474769592285,40.0082511901855,33.590503692627,29.5730094909668,26.2802448272705,23.9573993682861,21.6431922912598,19.4131374359131,17.634183883667,13.9499998092651
"43",46,1080,27.3045692443848,36.0167045593262,32.8885803222656,29.7898006439209,26.7436332702637,24.3748798370361,21.7667083740234,19.4439506530762,17.6340236663818,13.9499998092651
"44",46,1140,20.6678028106689,31.5872364044189,31.6071815490723,29.6244983673096,27.0230960845947,24.737585067749,21.9095153808594,19.4765319824219,17.6339778900146,13.9499998092651
"45",46,1200,17.9866123199463,27.9874877929688,30.0706520080566,29.1323528289795,27.0968933105469,25.0143642425537,22.063024520874,19.5111255645752,17.6340560913086,13.9499998092651
"46",46,1260,16.8029689788818,25.4847526550293,28.6021728515625,28.4501247406006,26.9863796234131,25.1864433288574,22.2175617218018,19.5477924346924,17.6342658996582,13.9499998092651
"47",46,1320,16.0525970458984,23.69260597229,27.3231105804443,27.7031421661377,26.7423496246338,25.2529811859131,22.3638706207275,19.5864086151123,17.6346111297607,13.9499998092651
"48",46,1380,15.3995132446289,22.383768081665,26.2203063964844,26.9680080413818,26.4148902893066,25.2274589538574,22.4944801330566,19.6266822814941,17.6350994110107,13.9499998092651
"49",74,0,12.1708679199219,17.9567928314209,21.2316627502441,22.0574607849121,21.7776165008545,20.9165935516357,18.6859741210938,16.5195293426514,15.7026281356812,13.9499998092651
"50",74,60,12.0737400054932,17.1977806091309,20.5396099090576,21.4936065673828,21.4537143707275,20.8048095703125,18.7791442871094,16.5553112030029,15.702486038208,13.9499998092651
"51",74,120,11.8642807006836,16.6154518127441,19.9284591674805,20.9804592132568,21.1240119934082,20.6596145629883,18.8511543273926,16.5917091369629,15.7024726867676,13.9499998092651
"52",74,180,11.6804990768433,16.1368408203125,19.394136428833,20.5113143920898,20.7987823486328,20.4921569824219,18.9023723602295,16.6283073425293,15.7025890350342,13.9499998092651
"53",74,240,11.5035829544067,15.7331418991089,18.9225769042969,20.0828838348389,20.4831428527832,20.3110542297363,18.9339351654053,16.6647186279297,15.7028350830078,13.9499998092651
"54",74,300,11.3905162811279,15.3749504089355,18.5020160675049,19.6908321380615,20.179988861084,20.1226043701172,18.9474220275879,16.7005920410156,15.7032079696655,13.9499998092651
"55",74,360,11.8749370574951,15.0817584991455,18.1328792572021,19.3288726806641,19.8906936645508,19.9311809539795,18.9446849822998,16.73561668396,15.7037057876587,13.9499998092651
"56",74,420,18.1767654418945,15.6637001037598,17.874490737915,19.0079441070557,19.6170539855957,19.7397403717041,18.9276275634766,16.7695255279541,15.7043228149414,13.9499998092651
"57",74,480,28.7798175811768,18.4389362335205,18.1341190338135,18.8182334899902,19.3769340515137,19.5528945922852,18.8981513977051,16.8020992279053,15.7050552368164,13.9499998092651
"58",74,540,39.4296607971191,22.7779064178467,19.1142139434814,18.9155941009521,19.2264022827148,19.3842926025391,18.8586444854736,16.8331546783447,15.7058963775635,13.9499998092651
"59",74,600,48.1491165161133,27.6728591918945,20.7159118652344,19.3787040710449,19.2299671173096,19.2602062225342,18.8128986358643,16.8625812530518,15.706841468811,13.9499998092651
"60",74,660,53.4267616271973,32.308521270752,22.6788635253906,20.1816635131836,19.425724029541,19.2109470367432,18.766695022583,16.8903560638428,15.7078828811646,13.9499998092651
"61",74,720,55.276050567627,35.8493843078613,24.7165374755859,21.2267971038818,19.8100833892822,19.2600269317627,18.7273979187012,16.9165821075439,15.7090148925781,13.9499998092651
"62",74,780,54.4341354370117,38.267822265625,26.5409908294678,22.3725814819336,20.3471794128418,19.4153499603271,18.7028331756592,16.9415054321289,15.7102317810059,13.9499998092651
"63",74,840,52.96484375,39.5281181335449,28.0487842559814,23.5038833618164,20.9773101806641,19.6693172454834,18.6998119354248,16.9655094146729,15.7115297317505,13.9499998092651
"64",74,900,48.3066787719727,39.588020324707,29.1493682861328,24.5257396697998,21.6457672119141,20.0013694763184,18.7230606079102,16.9890747070312,15.7129049301147,13.9499998092651
"65",74,960,40.7212715148926,38.1679191589355,29.7116851806641,25.3534164428711,22.2954196929932,20.3847579956055,18.7747230529785,17.0127353668213,15.7143564224243,13.9499998092651
"66",74,1020,31.2556571960449,35.2548294067383,29.6254806518555,25.8970775604248,22.8678073883057,20.7879581451416,18.85422706604,17.0370273590088,15.7158851623535,13.9499998092651
"67",74,1080,21.5524921417236,31.1944561004639,28.8681697845459,26.0858955383301,23.305248260498,21.175968170166,18.9582786560059,17.0624332427979,15.7174940109253,13.9499998092651
"68",74,1140,16.882869720459,27.025146484375,27.5784130096436,25.8983478546143,23.5615425109863,21.513111114502,19.0810127258301,17.0893421173096,15.7191867828369,13.9499998092651
"69",74,1200,15.1447830200195,24.0190448760986,26.1531105041504,25.418701171875,23.6220188140869,21.7689189910889,19.2144889831543,17.1179885864258,15.7209692001343,13.9499998092651
"70",74,1260,14.3233432769775,21.8826313018799,24.8569488525391,24.7899322509766,23.5179882049561,21.9274673461914,19.3497714996338,17.1484489440918,15.7228479385376,13.9499998092651
"71",74,1320,13.2789182662964,20.4167709350586,23.7090816497803,24.1288394927979,23.2974891662598,21.9908027648926,19.4784870147705,17.180627822876,15.7248287200928,13.9499998092651
"72",74,1380,13.1289949417114,19.1810150146484,22.7641124725342,23.4660968780518,23.0117931365967,21.9717140197754,19.594051361084,17.2142925262451,15.7269153594971,13.9499998092651
"73",105,0,8.46633720397949,13.3722972869873,16.2964572906494,17.0455017089844,16.8410930633545,16.1295223236084,14.3120279312134,12.6803331375122,12.3009557723999,13.9499998092651
"74",105,60,8.21722507476807,12.7429151535034,15.6965074539185,16.5743312835693,16.5732669830322,16.044017791748,14.3901615142822,12.7078399658203,12.3050889968872,13.9499998092651
"75",105,120,7.9953179359436,12.2329502105713,15.1706190109253,16.1400241851807,16.2998943328857,15.9292831420898,14.4518384933472,12.7359457015991,12.3092956542969,13.9499998092651
"76",105,180,7.80562496185303,11.8072347640991,14.7081928253174,15.7404365539551,16.0283966064453,15.7945518493652,14.4971036911011,12.7643356323242,12.3135776519775,13.9499998092651
"77",105,240,7.63836860656738,11.4441623687744,14.2981576919556,15.3731594085693,15.763201713562,15.6469240188599,14.5266361236572,12.7927141189575,12.3179340362549,13.9499998092651
"78",105,300,7.47004365921021,11.1269569396973,13.9315767288208,15.0351524353027,15.50696849823,15.4916858673096,14.5415048599243,12.8208055496216,12.3223648071289,13.9499998092651
"79",105,360,7.37586879730225,10.8369121551514,13.599232673645,14.7228155136108,15.2610931396484,15.3326368331909,14.5430288314819,12.8483648300171,12.3268671035767,13.9499998092651
"80",105,420,10.5682487487793,10.9252767562866,13.3232851028442,14.4353151321411,15.0258636474609,15.1724281311035,14.5326080322266,12.8751764297485,12.3314390182495,13.9499998092651
"81",105,480,19.3976554870605,12.5944728851318,13.3518552780151,14.2185544967651,14.8090286254883,15.0136394500732,14.5116415023804,12.9010581970215,12.3360767364502,13.9499998092651
"82",105,540,30.051197052002,16.1650009155273,13.9958114624023,14.1995639801025,14.6455774307251,14.8636903762817,14.4817218780518,12.9258556365967,12.3407764434814,13.9499998092651
"83",105,600,39.1086158752441,20.6629333496094,15.2983198165894,14.4940795898438,14.5943822860718,14.7406940460205,14.4452648162842,12.9494552612305,12.3455352783203,13.9499998092651
"84",105,660,44.7752418518066,25.1378726959229,17.0373249053955,15.1227397918701,14.7043533325195,14.6709384918213,14.4062299728394,12.9718036651611,12.3503475189209,13.9499998092651
"85",105,720,47.0163879394531,28.6766681671143,18.9290428161621,16.0091705322266,14.9894866943359,14.6793079376221,14.3702249526978,12.9929342269897,12.3552093505859,13.9499998092651
"86",105,780,46.494686126709,31.1776008605957,20.6659603118896,17.0318183898926,15.4248523712158,14.7795295715332,14.343786239624,13.0129919052124,12.3601160049438,13.9499998092651
"87",105,840,44.9402313232422,32.4926109313965,22.1333427429199,18.0673904418945,15.9633350372314,14.970178604126,14.3331670761108,13.0322351455688,12.3650646209717,13.9499998092651
"88",105,900,40.0093650817871,32.54638671875,23.19748878479,19.0195541381836,16.5517063140869,15.2371692657471,14.3431949615479,13.0510177612305,12.3700523376465,13.9499998092651
"89",105,960,32.0907440185547,31.0578384399414,23.7151679992676,19.7918968200684,17.1334133148193,15.5580053329468,14.3766384124756,13.069751739502,12.3750782012939,13.9499998092651
"90",105,1020,22.3352813720703,28.0405616760254,23.5708866119385,20.2876605987549,17.6484794616699,15.9037485122681,14.4338617324829,13.0888710021973,12.3801431655884,13.9499998092651
"91",105,1080,15.1260509490967,24.1719493865967,22.7731437683105,20.4349002838135,18.0378341674805,16.2407894134521,14.5126695632935,13.1087789535522,12.3852481842041,13.9499998092651
"92",105,1140,12.1526870727539,20.7834968566895,21.5935821533203,20.2440948486328,18.2598819732666,16.5347080230713,14.6083650588989,13.1298065185547,12.3903961181641,13.9499998092651
"93",105,1200,10.9087629318237,18.4014053344727,20.3796253204346,19.8229084014893,18.3126449584961,16.7584705352783,14.714301109314,13.1521739959717,12.3955917358398,13.9499998092651
"94",105,1260,10.1121234893799,16.692798614502,19.2925090789795,19.2935543060303,18.2297992706299,16.9000778198242,14.8230504989624,13.1759653091431,12.400839805603,13.9499998092651
"95",105,1320,9.42458057403564,15.4414138793945,18.3424701690674,18.7388801574707,18.0533332824707,16.9623546600342,14.9277467727661,13.2011308670044,12.4061441421509,13.9499998092651
"96",105,1380,9.01839637756348,14.4510488510132,17.532886505127,18.1915493011475,17.8206062316895,16.9565143585205,15.0229806900024,13.2275123596191,12.411509513855,13.9499998092651
"97",135,0,4.5855507850647,8.66430568695068,11.1077880859375,11.7699222564697,11.659481048584,11.1465969085693,9.8349666595459,8.77897644042969,8.81798839569092,13.9499998092651
"98",135,60,4.3316535949707,8.14615821838379,10.6272172927856,11.399884223938,11.4536638259888,11.0848960876465,9.89418125152588,8.79825305938721,8.82631969451904,13.9499998092651
"99",135,120,4.09976816177368,7.71547842025757,10.2022113800049,11.0558643341064,11.2417593002319,10.9994764328003,9.94145488739014,8.81804847717285,8.83467483520508,13.9499998092651
"100",135,180,3.88995575904846,7.34705209732056,9.82422924041748,10.7365894317627,11.0294322967529,10.8973207473755,9.97663688659668,8.83813858032227,8.84305381774902,13.9499998092651
"101",135,240,3.69246745109558,7.0242223739624,9.48482704162598,10.4403495788574,10.8201694488525,10.7838506698608,10.0000677108765,8.85830593109131,8.8514575958252,13.9499998092651
"102",135,300,3.45430946350098,6.73323774337769,9.17698574066162,10.1648893356323,10.6161088943481,10.663143157959,10.012396812439,8.87835121154785,8.85988616943359,13.9499998092651
"103",135,360,3.27006983757019,6.44201231002808,8.88955783843994,9.90743160247803,10.4183864593506,10.5381641387939,10.0144824981689,8.89808940887451,8.8683385848999,13.9499998092651
"104",135,420,4.52036476135254,6.1913948059082,8.6317834854126,9.66337966918945,10.2264003753662,10.4109907150269,10.0072612762451,8.91735744476318,8.8768138885498,13.9499998092651
"105",135,480,10.6496410369873,7.0303692817688,8.50371074676514,9.44966411590576,10.0429620742798,10.28293800354,9.99167728424072,8.93601322174072,8.88531017303467,13.9499998092651
"106",135,540,19.8475017547607,9.65474510192871,8.84881496429443,9.35651111602783,9.88659572601318,10.1576118469238,9.96872425079346,8.95393371582031,8.89382362365723,13.9499998092651
"107",135,600,28.1542148590088,13.381763458252,9.78894805908203,9.50373268127441,9.80365085601807,10.0463018417358,9.93982410430908,8.97101974487305,8.90235328674316,13.9499998092651
"108",135,660,34.1523475646973,17.3202781677246,11.1882848739624,9.93887329101562,9.84268951416016,9.96926689147949,9.90748882293701,8.98720932006836,8.91089534759521,13.9499998092651
"109",135,720,36.4603500366211,20.6777725219727,12.7990770339966,10.6253623962402,10.0277223587036,9.94882869720459,9.87565422058105,9.00249481201172,8.91944789886475,13.9499998092651
"110",135,780,36.9692077636719,22.9984035491943,14.3440933227539,11.4641399383545,10.3499746322632,10.0008335113525,9.84932708740234,9.01695156097412,8.92800617218018,13.9499998092651
"111",135,840,34.891429901123,24.3083629608154,15.6620903015137,12.3440217971802,10.7740497589111,10.129225730896,9.83371543884277,9.03074169158936,8.93656921386719,13.9499998092651
"112",135,900,30.0377635955811,24.3056392669678,16.6068687438965,13.1652488708496,11.2532815933228,10.3259630203247,9.83324146270752,9.04410934448242,8.94513320922852,13.9499998092651
"113",135,960,22.7332134246826,22.8833522796631,17.0398807525635,13.8287363052368,11.7347478866577,10.5735206604004,9.85080814361572,9.05735683441162,8.95370006561279,13.9499998092651
"114",135,1020,14.2228546142578,20.1462745666504,16.8743991851807,14.2453279495239,12.1621885299683,10.8470869064331,9.88732147216797,9.07081413269043,8.96226787567139,13.9499998092651
"115",135,1080,9.51031970977783,16.8719139099121,16.1446590423584,14.3564367294312,12.4826545715332,11.1171035766602,9.94145774841309,9.08479785919189,8.97083854675293,13.9499998092651
"116",135,1140,7.62914133071899,14.3613681793213,15.1869220733643,14.1916627883911,12.6629514694214,11.3536729812622,10.0097026824951,9.09957599639893,8.97941398620605,13.9499998092651
"117",135,1200,6.66266870498657,12.5782556533813,14.2422685623169,13.8596601486206,12.7090940475464,11.5348205566406,10.0868911743164,9.11533069610596,8.98799705505371,13.9499998092651
"118",135,1260,5.99073553085327,11.2701406478882,13.4000091552734,13.4512100219727,12.6511926651001,11.6519804000854,10.1672830581665,9.1321439743042,8.99659156799316,13.9499998092651
"119",135,1320,5.41519451141357,10.2875699996948,12.6615743637085,13.0236501693726,12.5216827392578,11.7078113555908,10.2456092834473,9.14999961853027,9.00520133972168,13.9499998092651
"120",135,1380,5.0365104675293,9.50016212463379,12.0254564285278,12.6010150909424,12.3477373123169,11.7109117507935,10.317699432373,9.16879749298096,9.01382923126221,13.9499998092651
"121",166,0,1.78660488128662,5.29403305053711,7.60902547836304,8.23993968963623,8.19966602325439,7.79627704620361,6.74720573425293,5.98683452606201,6.27870988845825,13.9499998092651
"122",166,60,1.3515613079071,4.86240577697754,7.17236137390137,7.91839551925659,8.01955890655518,7.74395322799683,6.79674005508423,6.00232172012329,6.2901554107666,13.9499998092651
"123",166,120,1.08805584907532,4.46930360794067,6.79182386398315,7.61498975753784,7.83428144454956,7.67039632797241,6.83634376525879,6.01827907562256,6.30159521102905,13.9499998092651
"124",166,180,0.849438667297363,4.12338256835938,6.45071220397949,7.3314905166626,7.64772748947144,7.58170890808105,6.86579465866089,6.03452301025391,6.3130316734314,13.9499998092651
"125",166,240,0.619856595993042,3.81067705154419,6.14139223098755,7.06629085540771,7.4628472328186,7.48252391815186,6.88529682159424,6.05087375640869,6.32446527481079,13.9499998092651
"126",166,300,0.297122746706009,3.52015209197998,5.85701942443848,6.81739091873169,7.28140592575073,7.37632513046265,6.89532327651978,6.06716299057007,6.33589649200439,13.9499998092651
"127",166,360,-0.00831237435340881,3.20232892036438,5.58130836486816,6.58256721496582,7.1041784286499,7.26565313339233,6.89653015136719,6.08323526382446,6.34732437133789,13.9499998092651
"128",166,420,0.352922528982162,2.90161538124084,5.32813835144043,6.35575008392334,6.92927312850952,7.15230178833008,6.88964509963989,6.09895038604736,6.35874843597412,13.9499998092651
"129",166,480,5.47723913192749,3.36079907417297,5.14576959609985,6.14521169662476,6.7605619430542,7.03686428070068,6.87540006637573,6.11418533325195,6.37016677856445,13.9499998092651
"130",166,540,14.2734928131104,5.56821298599243,5.36617565155029,6.02326536178589,6.60836124420166,6.92194271087646,6.85454225540161,6.12883138656616,6.38157796859741,13.9499998092651
"131",166,600,22.6250343322754,9.02633953094482,6.16171360015869,6.11089420318604,6.51355600357056,6.81599712371826,6.82810878753662,6.14279794692993,6.39298057556152,13.9499998092651
"132",166,660,28.1368808746338,12.7545385360718,7.43068885803223,6.4707555770874,6.52501010894775,6.73668909072876,6.79803419113159,6.1560206413269,6.404372215271,13.9499998092651
"133",166,720,30.2700862884521,15.8662586212158,8.90797138214111,7.07376909255981,6.67045736312866,6.70531606674194,6.7675724029541,6.16847991943359,6.41574954986572,13.9499998092651
"134",166,780,30.7619800567627,18.0374336242676,10.3292789459229,7.82474136352539,6.94404649734497,6.73797369003296,6.7410831451416,6.18022537231445,6.42711114883423,13.9499998092651
"135",166,840,29.1042366027832,19.2956237792969,11.5484552383423,8.62041187286377,7.31415557861328,6.83971834182739,6.7232460975647,6.19138193130493,6.43845462799072,13.9499998092651
"136",166,900,24.3657360076904,19.3501300811768,12.4361343383789,9.37045669555664,7.73887205123901,7.00444412231445,6.71815061569214,6.20214748382568,6.44977855682373,13.9499998092651
"137",166,960,17.0941295623779,17.9576721191406,12.8371381759644,9.98039245605469,8.17030334472656,7.21725606918335,6.72860527038574,6.21277618408203,6.46108198165894,13.9499998092651
"138",166,1020,9.27391815185547,15.3211126327515,12.6575145721436,10.3585605621338,8.55485153198242,7.45607280731201,6.75568342208862,6.22354888916016,6.4723653793335,13.9499998092651
"139",166,1080,5.65357303619385,12.3850936889648,11.9771451950073,10.4523973464966,8.84171390533447,7.69364309310913,6.79843950271606,6.2347412109375,6.48362922668457,13.9499998092651
"140",166,1140,4.30181264877319,10.2489099502563,11.1161966323853,10.3025512695312,9.00229740142822,7.90246725082397,6.85391330718994,6.24659013748169,6.49487590789795,13.9499998092651
"141",166,1200,3.59950733184814,8.70771503448486,10.2963609695435,10.0086231231689,9.0448751449585,8.06295108795166,6.91765069961548,6.25925874710083,6.50610780715942,13.9499998092651
"142",166,1260,2.72347354888916,7.62876462936401,9.55097007751465,9.65725135803223,8.99619197845459,8.16784191131592,6.98468685150146,6.27282667160034,6.51732778549194,13.9499998092651
"143",166,1320,2.53084540367126,6.70882177352905,8.92372417449951,9.28106021881104,8.88804149627686,8.21924209594727,7.0504846572876,6.28728914260864,6.5285382270813,13.9499998092651
"144",166,1380,1.80350089073181,6.08552265167236,8.34719371795654,8.92016220092773,8.73755073547363,8.22535800933838,7.11141061782837,6.30257081985474,6.5397424697876,13.9499998092651
"145",196,0,7.06117057800293,7.59175491333008,6.69934272766113,6.54668474197388,5.64201498031616,5.37585544586182,4.89897727966309,4.63779592514038,5.04265022277832,13.9499998092651
"146",196,60,1.14819073677063,6.13383340835571,6.60778045654297,6.34592294692993,5.80615282058716,5.41286659240723,4.92699813842773,4.64539861679077,5.05586338043213,13.9499998092651
"147",196,120,0.116913303732872,4.74814033508301,6.14502716064453,6.18556690216064,5.83348083496094,5.45932483673096,4.95560741424561,4.65339803695679,5.06903839111328,13.9499998092651
"148",196,180,-0.47169041633606,3.78912806510925,5.62632942199707,5.96094608306885,5.79446411132812,5.48840999603271,4.98422622680664,4.66179084777832,5.08217477798462,13.9499998092651
"149",196,240,-0.76808488368988,3.04758810997009,5.15215587615967,5.70000648498535,5.70576429367065,5.49274444580078,5.01114511489868,4.67055368423462,5.09527492523193,13.9499998092651
"150",196,300,-1.22303664684296,2.49075770378113,4.71855354309082,5.43005561828613,5.58465337753296,5.47093820571899,5.03459739685059,4.67963314056396,5.1083402633667,13.9499998092651
"151",196,360,-1.65702319145203,1.99406468868256,4.33477354049683,5.15865898132324,5.4440279006958,5.42587995529175,5.0530858039856,4.68894672393799,5.12137174606323,13.9499998092651
"152",196,420,-1.33589684963226,1.6606639623642,3.98538398742676,4.8969292640686,5.28969955444336,5.36204433441162,5.06556129455566,4.69839382171631,5.13436985015869,13.9499998092651
"153",196,480,4.63993549346924,2.0867006778717,3.75327181816101,4.6576566696167,5.13097476959229,5.28325748443604,5.07143783569336,4.70786094665527,5.14733552932739,13.9499998092651
"154",196,540,13.9498109817505,4.4866042137146,3.98718285560608,4.52187824249268,4.98519945144653,5.19540023803711,5.07053089141846,4.71723079681396,5.16026830673218,13.9499998092651
"155",196,600,22.5763893127441,8.16194629669189,4.84520864486694,4.62250328063965,4.90105676651001,5.11072778701782,5.06333589553833,4.72639179229736,5.17316818237305,13.9499998092651
"156",196,660,28.1998767852783,12.0694637298584,6.19954013824463,5.01887273788452,4.93206262588501,5.05100536346436,5.05162143707275,4.73525238037109,5.18603420257568,13.9499998092651
"157",196,720,30.4997673034668,15.3138198852539,7.76349639892578,5.67283535003662,5.1064772605896,5.04067802429199,5.03879070281982,4.74376964569092,5.19886589050293,13.9499998092651
"158",196,780,30.9001083374023,17.5792007446289,9.26527881622314,6.48095226287842,5.41627359390259,5.09746885299683,5.02952527999878,4.75197124481201,5.21166229248047,13.9499998092651
"159",196,840,29.1335277557373,18.851619720459,10.5452423095703,7.33263206481934,5.82679080963135,5.2267017364502,5.02886199951172,4.75996923446655,5.22442245483398,13.9499998092651
"160",196,900,24.2264175415039,18.877010345459,11.4699258804321,8.13096523284912,6.29250383377075,5.42152070999146,5.04117965698242,4.76795768737793,5.23714590072632,13.9499998092651
"161",196,960,16.6832962036133,17.3975200653076,11.8814678192139,8.77722263336182,6.76215934753418,5.66563081741333,5.06944513320923,4.77618932723999,5.24983358383179,13.9499998092651
"162",196,1020,8.35182476043701,14.5980195999146,11.6803760528564,9.17575073242188,7.17909049987793,5.93523359298706,5.11473417282104,4.78494596481323,5.26248693466187,13.9499998092651
"163",196,1080,4.31952619552612,11.4362154006958,10.9416418075562,9.26981544494629,7.48948383331299,6.2011981010437,5.17594909667969,4.79450225830078,5.27510786056519,13.9499998092651
"164",196,1140,2.79426741600037,9.10792446136475,10.0026750564575,9.10090446472168,7.6625771522522,6.43414306640625,5.24982976913452,4.80508899688721,5.28770017623901,13.9499998092651
"165",196,1200,1.9061005115509,7.45792245864868,9.10175704956055,8.777907371521,7.7070140838623,6.61313056945801,5.33151483535767,4.81685924530029,5.3002667427063,13.9499998092651
"166",196,1260,1.25728154182434,6.24021863937378,8.3038272857666,8.38790130615234,7.6534423828125,6.73053407669067,5.41561841964722,4.82987213134766,5.31281328201294,13.9499998092651
"167",196,1320,0.701185405254364,5.31606864929199,7.60599517822266,7.98223066329956,7.53315019607544,6.78937530517578,5.49723243713379,4.8440957069397,5.32534265518188,13.9499998092651
"168",196,1380,0.3214071393013,4.57101631164551,7.00332164764404,7.5828070640564,7.37125539779663,6.79809427261353,5.57249641418457,4.85942220687866,5.3378586769104,13.9499998092651
"169",227,0,0.751451373100281,5.56077480316162,8.36942577362061,9.15912914276123,9.04768753051758,8.47702503204346,7.02235221862793,5.88392925262451,6.07558155059814,13.9499998092651
"170",227,60,0.549137711524963,4.96108865737915,7.82804870605469,8.73916912078857,8.81711769104004,8.41002178192139,7.08797407150269,5.9052906036377,6.08764028549194,13.9499998092651
"171",227,120,0.279317647218704,4.46997117996216,7.34578514099121,8.34945297241211,8.57896709442139,8.31590843200684,7.14071369171143,5.92723417282104,6.0997109413147,13.9499998092651
"172",227,180,0.0154045075178146,4.04452323913574,6.91528081893921,7.98732566833496,8.33986759185791,8.20249462127686,7.18030691146851,5.94952392578125,6.11179447174072,13.9499998092651
"173",227,240,-0.255907773971558,3.66466331481934,6.52608156204224,7.65049600601196,8.10365581512451,8.07588291168213,7.20704126358032,5.97192859649658,6.12389135360718,13.9499998092651
"174",227,300,-0.609911620616913,3.3118634223938,6.16938400268555,7.33598375320435,7.87258815765381,7.94064378738403,7.22155570983887,5.99423170089722,6.13600206375122,13.9499998092651
"175",227,360,-0.866273403167725,2.93819308280945,5.83057975769043,7.03989362716675,7.64774322509766,7.80007600784302,7.22472667694092,6.01623392105103,6.14812564849854,13.9499998092651
"176",227,420,0.914425730705261,2.95560908317566,5.53527688980103,6.75656604766846,7.42890024185181,7.65633344650269,7.21752786636353,6.03775691986084,6.16026067733765,13.9499998092651
"177",227,480,9.38890552520752,4.1401309967041,5.47715663909912,6.52826166152954,7.22090196609497,7.51138973236084,7.2009391784668,6.05864334106445,6.17240571975708,13.9499998092651
"178",227,540,19.8979930877686,7.33592176437378,5.97296476364136,6.45713376998901,7.05153179168701,7.37059450149536,7.17608261108398,6.07875776290894,6.18455791473389,13.9499998092651
"179",227,600,28.7536010742188,11.5309638977051,7.11914587020874,6.66598176956177,6.97266817092896,7.24817514419556,7.14467620849609,6.09799098968506,6.19671440124512,13.9499998092651
"180",227,660,34.046329498291,15.8095111846924,8.70307922363281,7.18991994857788,7.03359889984131,7.16681337356567,7.10968017578125,6.11627578735352,6.20887279510498,13.9499998092651
"181",227,720,35.9989395141602,19.2309036254883,10.4790201187134,7.96784257888794,7.25279760360718,7.14995622634888,7.07553434371948,6.13360977172852,6.22102975845337,13.9499998092651
"182",227,780,36.3852958679199,21.5500087738037,12.1180801391602,8.88792991638184,7.61623573303223,7.21254920959473,7.04766750335693,6.15007495880127,6.23318243026733,13.9499998092651
"183",227,840,34.2619590759277,22.8708782196045,13.5047302246094,9.83506011962891,8.08140277862549,7.35661840438843,7.03155994415283,6.16584730148315,6.24532747268677,13.9499998092651
"184",227,900,29.3442440032959,22.8917198181152,14.5073986053467,10.714280128479,8.60004043579102,7.5721492767334,7.03172969818115,6.18118524551392,6.25746488571167,13.9499998092651
"185",227,960,21.5150623321533,21.4400730133057,14.9869327545166,11.4304065704346,9.11968898773193,7.84048795700073,7.05107498168945,6.19640350341797,6.26959276199341,13.9499998092651
"186",227,1020,12.2040958404541,18.5279541015625,14.8324565887451,11.8909196853638,9.58414459228516,8.13637638092041,7.09048891067505,6.21184301376343,6.28171110153198,13.9499998092651
"187",227,1080,6.41996622085571,14.9367094039917,14.0597324371338,12.0279369354248,9.93800926208496,8.42973518371582,7.14864635467529,6.22783374786377,6.29382181167603,13.9499998092651
"188",227,1140,4.14032077789307,12.0235271453857,12.995096206665,11.8606786727905,10.1433715820312,8.6894063949585,7.22201728820801,6.24465465545654,6.30592679977417,13.9499998092651
"189",227,1200,3.07544755935669,9.9711856842041,11.922248840332,11.497275352478,10.2014102935791,8.89114665985107,7.30531883239746,6.26250267028809,6.31802892684937,13.9499998092651
"190",227,1260,2.40049839019775,8.47030925750732,10.9638528823853,11.0405759811401,10.1420202255249,9.02407646179199,7.39253520965576,6.28147077560425,6.33013153076172,13.9499998092651
"191",227,1320,1.67595243453979,7.37265682220459,10.1194124221802,10.5599756240845,10.0003271102905,9.08967971801758,7.47800636291504,6.30154943466187,6.34223890304565,13.9499998092651
"192",227,1380,1.40676784515381,6.46032333374023,9.40137100219727,10.0813140869141,9.80775928497314,9.09644889831543,7.55715131759644,6.32264184951782,6.35435390472412,13.9499998092651
"193",258,0,3.3360333442688,9.14784240722656,12.2914276123047,13.1698331832886,12.9586658477783,12.2041110992432,10.3240270614624,8.73757934570312,8.62769794464111,13.9499998092651
"194",258,60,3.37759709358215,8.41376781463623,11.6579055786133,12.66517162323,12.683141708374,12.124454498291,10.4051685333252,8.7647819519043,8.63666248321533,13.9499998092651
"195",258,120,3.13761878013611,7.85242319107056,11.0906858444214,12.2012987136841,12.398775100708,12.0124053955078,10.4706211090088,8.79265117645264,8.64567089080811,13.9499998092651
"196",258,180,2.8965048789978,7.37688064575195,10.5887994766235,11.7729339599609,12.1143636703491,11.8775100708008,10.5201091766357,8.82089805603027,8.65472793579102,13.9499998092651
"197",258,240,2.64176630973816,6.96315956115723,10.1390905380249,11.3774518966675,11.8346529006958,11.7273035049438,10.554030418396,8.8492431640625,8.66383266448975,13.9499998092651
"198",258,300,2.35589194297791,6.58793544769287,9.73099613189697,11.0113334655762,11.5624198913574,11.567440032959,10.5732154846191,8.87742519378662,8.67298412322998,13.9499998092651
"199",258,360,2.41572642326355,6.2199969291687,9.35569477081299,10.6695146560669,11.2991056442261,11.402003288269,10.5787839889526,8.9052038192749,8.6821813583374,13.9499998092651
"200",258,420,7.51783752441406,6.50453233718872,9.06196880340576,10.3522481918335,11.0456962585449,11.2336750030518,10.5719795227051,8.93236541748047,8.6914234161377,13.9499998092651
"201",258,480,17.6375293731689,8.77024459838867,9.19026374816895,10.1308240890503,10.8131484985352,11.0657253265381,10.5540714263916,8.95872497558594,8.70070648193359,13.9499998092651
"202",258,540,28.1000747680664,12.7232332229614,9.99819469451904,10.1458692550659,10.6449403762817,10.9074726104736,10.5266284942627,8.98412418365479,8.71002769470215,13.9499998092651
"203",258,600,36.6163330078125,17.3582439422607,11.4350709915161,10.4900636672974,10.6002225875854,10.7789945602417,10.4921674728394,9.00844287872314,8.71938419342041,13.9499998092651
"204",258,660,42.0800514221191,21.819465637207,13.2709531784058,11.1617059707642,10.720627784729,10.7064094543457,10.4547424316406,9.03162002563477,8.72877216339111,13.9499998092651
"205",258,720,43.4436683654785,25.3276252746582,15.2104091644287,12.0826845169067,11.0145502090454,10.7126045227051,10.4198732376099,9.05367660522461,8.73818778991699,13.9499998092651
"206",258,780,43.6834716796875,27.6328659057617,16.9727115631104,13.1257314682007,11.4563026428223,10.8097190856934,10.393816947937,9.07473659515381,8.74762725830078,13.9499998092651
"207",258,840,41.6147041320801,28.9661903381348,18.4460411071777,14.1743860244751,11.9979906082153,10.9958324432373,10.3825054168701,9.0950288772583,8.75708770751953,13.9499998092651
"208",258,900,36.4472122192383,28.9961338043213,19.5186004638672,15.1385707855225,12.5880517959595,11.2573671340942,10.3905687332153,9.11486625671387,8.76656627655029,13.9499998092651
"209",258,960,28.6579113006592,27.5121250152588,20.0446033477783,15.9247779846191,13.1730461120605,11.5729856491089,10.4207572937012,9.13461971282959,8.77606296539307,13.9499998092651
"210",258,1020,19.0639572143555,24.5775947570801,19.9227714538574,16.4417114257812,13.6958427429199,11.9154758453369,10.473650932312,9.15467834472656,8.78557777404785,13.9499998092651
"211",258,1080,10.8738441467285,20.6836109161377,19.1499652862549,16.6210651397705,14.1006832122803,12.2533493041992,10.5475091934204,9.17541313171387,8.79511260986328,13.9499998092651
"212",258,1140,7.49032545089722,17.029857635498,17.9347534179688,16.4570159912109,14.3451404571533,12.5540208816528,10.6383256912231,9.19713497161865,8.80466938018799,13.9499998092651
"213",258,1200,6.16286373138428,14.4569416046143,16.6451625823975,16.0406131744385,14.419454574585,12.7900705337524,10.7402172088623,9.22006416320801,8.81425189971924,13.9499998092651
"214",258,1260,5.50328540802002,12.5950469970703,15.4837455749512,15.4966583251953,14.3514919281006,12.9468107223511,10.8463478088379,9.24430179595947,8.8238639831543,13.9499998092651
"215",258,1320,4.45027017593384,11.305609703064,14.4526681900024,14.9201202392578,14.1814413070679,13.0240926742554,10.9501104354858,9.26983165740967,8.83351039886475,13.9499998092651
"216",258,1380,4.51701974868774,10.164361000061,13.5990371704102,14.3399095535278,13.9497728347778,13.0308666229248,11.0460643768311,9.29653453826904,8.84319400787354,13.9499998092651
"217",288,0,7.73694276809692,13.6668386459351,17.2905597686768,18.1871871948242,17.8708400726318,16.9175128936768,14.5799579620361,12.4632940292358,11.9617490768433,13.9499998092651
"218",288,60,7.36331939697266,12.9127178192139,16.5272769927979,17.5995597839355,17.5433330535889,16.8222751617432,14.6778755187988,12.4978857040405,11.9667348861694,13.9499998092651
"219",288,120,7.12344455718994,12.2934103012085,15.8687171936035,17.0570335388184,17.2077522277832,16.6885433197021,14.7565593719482,12.5332155227661,11.97181224823,13.9499998092651
"220",288,180,6.92056846618652,11.7801160812378,15.2939615249634,16.5593643188477,16.8736763000488,16.5282611846924,14.815767288208,12.568922996521,11.9769802093506,13.9499998092651
"221",288,240,6.71797132492065,11.3402843475342,14.7873392105103,16.1033592224121,16.5471935272217,16.3507080078125,14.8561000823975,12.6046619415283,11.9822406768799,13.9499998092651
"222",288,300,6.59925603866577,10.9394969940186,14.3343029022217,15.6844806671143,16.2318439483643,16.1628303527832,14.8786935806274,12.6401119232178,11.9875926971436,13.9499998092651
"223",288,360,7.89494609832764,10.8581848144531,13.9413566589355,15.2986888885498,15.9289855957031,15.9696350097656,14.8850440979004,12.6749782562256,11.9930334091187,13.9499998092651
"224",288,420,15.9257259368896,11.851978302002,13.7698602676392,14.9744577407837,15.6439876556396,15.7750177383423,14.8767557144165,12.7090082168579,11.9985609054565,13.9499998092651
"225",288,480,27.1134872436523,15.0099649429321,14.165771484375,14.8132162094116,15.4021129608154,15.5853815078735,14.8556203842163,12.7419776916504,12.0041723251343,13.9499998092651
"226",288,540,37.1570587158203,19.5149536132812,15.2856149673462,14.9538555145264,15.2583122253418,15.4159183502197,14.8240261077881,12.7737083435059,12.009861946106,13.9499998092651
"227",288,600,45.0471801757812,24.3429203033447,16.9714431762695,15.4520845413208,15.2700986862183,15.2919244766235,14.7856969833374,12.8040800094604,12.0156269073486,13.9499998092651
"228",288,660,50.0103302001953,28.8029842376709,18.9706420898438,16.2703590393066,15.4667072296143,15.2408037185669,14.7460536956787,12.8330516815186,12.0214614868164,13.9499998092651
"229",288,720,50.970874786377,32.2200012207031,21.0026569366455,17.3128852844238,15.8430585861206,15.2827243804932,14.7117919921875,12.8606929779053,12.0273590087891,13.9499998092651
"230",288,780,51.0702857971191,34.4087409973145,22.8066921234131,18.4472751617432,16.3635940551758,15.4250154495239,14.6899166107178,12.8871936798096,12.033317565918,13.9499998092651
"231",288,840,49.4018020629883,35.6872901916504,24.2898006439209,19.5641441345215,16.9748687744141,15.6606683731079,14.6866073608398,12.9128570556641,12.0393323898315,13.9499998092651
"232",288,900,44.8298683166504,35.742057800293,25.4031677246094,20.5729236602783,17.6262950897217,15.9717645645142,14.7063341140747,12.9380712509155,12.0454015731812,13.9499998092651
"233",288,960,36.7697257995605,34.5277786254883,25.9622993469238,21.4107685089111,18.2609252929688,16.3352680206299,14.7513732910156,12.9632778167725,12.0515232086182,13.9499998092651
"234",288,1020,27.8634510040283,31.7253303527832,25.9385452270508,21.9752902984619,18.8318195343018,16.7218608856201,14.8217687606812,12.9889240264893,12.0576982498169,13.9499998092651
"235",288,1080,18.0253086090088,27.76247215271,25.2320137023926,22.2067623138428,19.2822914123535,17.1012077331543,14.9151477813721,13.0154294967651,12.063928604126,13.9499998092651
"236",288,1140,12.5542335510254,23.5219192504883,23.9653472900391,22.0706996917725,19.5664920806885,17.4402370452881,15.0269680023193,13.0431385040283,12.070219039917,13.9499998092651
"237",288,1200,10.4554824829102,20.2586154937744,22.4943294525146,21.6280212402344,19.6630992889404,17.7092380523682,15.1507205963135,13.0722913742065,12.0765705108643,13.9499998092651
"238",288,1260,9.42579364776611,17.969144821167,21.1087665557861,21.0106239318848,19.5915660858154,17.8894653320312,15.2787227630615,13.1029958724976,12.082989692688,13.9499998092651
"239",288,1320,8.76512241363525,16.299991607666,19.9004096984863,20.3298683166504,19.3960075378418,17.9777336120605,15.4033517837524,13.1352224349976,12.0894804000854,13.9499998092651
"240",288,1380,8.10986137390137,15.0712642669678,18.8538131713867,19.6532917022705,19.1199703216553,17.9832439422607,15.5181465148926,13.1688137054443,12.0960483551025,13.9499998092651
"241",319,0,10.8864135742188,17.2354125976562,21.1897792816162,22.1081199645996,21.7268657684326,20.6449813842773,17.9715251922607,15.4058704376221,14.5578451156616,13.9499998092651
"242",319,60,10.4267873764038,16.4171657562256,20.3348655700684,21.4508075714111,21.3536643981934,20.5303268432617,18.0817165374756,15.44762134552,14.5597820281982,13.9499998092651
"243",319,120,10.2041139602661,15.7462720870972,19.6054363250732,20.8448657989502,20.9731388092041,20.3729610443115,18.1689701080322,15.4901237487793,14.5618553161621,13.9499998092651
"244",319,180,10.0382423400879,15.2015504837036,18.974006652832,20.2916660308838,20.5960807800293,20.1868019104004,18.2332248687744,15.5329389572144,14.5640630722046,13.9499998092651
"245",319,240,9.91091442108154,14.7486047744751,18.4231948852539,19.7876815795898,20.2295780181885,19.9825534820557,18.275411605835,15.5756464004517,14.56640625,13.9499998092651
"246",319,300,9.89318180084229,14.3632068634033,17.938648223877,19.3283081054688,19.877779006958,19.7681827545166,18.2970676422119,15.6178617477417,14.5688829421997,13.9499998092651
"247",319,360,13.8441009521484,14.4669942855835,17.5410099029541,18.9124984741211,19.5424365997314,19.5494995117188,18.3001327514648,15.6592378616333,14.5714902877808,13.9499998092651
"248",319,420,23.3202972412109,16.3539848327637,17.519847869873,18.5938053131104,19.2343444824219,19.3314380645752,18.2866592407227,15.6994791030884,14.5742244720459,13.9499998092651
"249",319,480,34.1800117492676,20.1294174194336,18.1707820892334,18.5094165802002,18.9942359924316,19.1242904663086,18.2590293884277,15.7383337020874,14.5770797729492,13.9499998092651
"250",319,540,44.0173530578613,24.8873672485352,19.5110092163086,18.7686920166016,18.8842945098877,18.9494304656982,18.220609664917,15.7756071090698,14.5800514221191,13.9499998092651
"251",319,600,51.7837944030762,29.8176097869873,21.3541488647461,19.3958339691162,18.9537887573242,18.8357944488525,18.1764545440674,15.8111867904663,14.5831317901611,13.9499998092651
"252",319,660,56.1910018920898,34.2967414855957,23.4521541595459,20.3282146453857,19.2221755981445,18.8102245330811,18.1333465576172,15.8450727462769,14.5863151550293,13.9499998092651
"253",319,720,57.4609832763672,37.601375579834,25.5406436920166,21.4648132324219,19.6715068817139,18.89013671875,18.0990505218506,15.8773984909058,14.5895967483521,13.9499998092651
"254",319,780,57.042163848877,39.7516670227051,27.3725395202637,22.6658763885498,20.2604351043701,19.0776977539062,18.0812435150146,15.9084377288818,14.5929689407349,13.9499998092651
"255",319,840,55.0970420837402,40.9865531921387,28.8733005523682,23.8287563323975,20.9314289093018,19.3612728118896,18.0862236022949,15.9385833740234,14.5964288711548,13.9499998092651
"256",319,900,50.6608734130859,41.0725479125977,29.9797058105469,24.876745223999,21.6311874389648,19.719539642334,18.1181602478027,15.968318939209,14.5999736785889,13.9499998092651
"257",319,960,43.501708984375,39.789981842041,30.5776081085205,25.7348194122314,22.3091907501221,20.1262989044189,18.1787776947021,15.9981670379639,14.6036014556885,13.9499998092651
"258",319,1020,34.5964050292969,37.1002197265625,30.5615520477295,26.3230762481689,22.9130249023438,20.5521297454834,18.2673397064209,16.0286464691162,14.6073150634766,13.9499998092651
"259",319,1080,24.5818328857422,33.2312774658203,29.8983879089355,26.5752086639404,23.3901748657227,20.9649333953857,18.3807067871094,16.0602245330811,14.6111154556274,13.9499998092651
"260",319,1140,17.0098209381104,28.7396259307861,28.6369495391846,26.455436706543,23.6954402923584,21.3317356109619,18.5134754180908,16.093282699585,14.6150064468384,13.9499998092651
"261",319,1200,13.9208927154541,24.8776359558105,27.0636348724365,25.9967861175537,23.8025207519531,21.6221923828125,18.6583042144775,16.1280765533447,14.6189947128296,13.9499998092651
"262",319,1260,12.6639709472656,22.1838703155518,25.5164051055908,25.3225536346436,23.7227478027344,21.8153343200684,18.8066158294678,16.164701461792,14.6230840682983,13.9499998092651
"263",319,1320,11.9781293869019,20.2433567047119,24.158748626709,24.5618782043457,23.5004043579102,21.9059028625488,18.9498119354248,16.2030944824219,14.6272811889648,13.9499998092651
"264",319,1380,11.134425163269,18.8678722381592,22.975772857666,23.8034801483154,23.1841697692871,21.9032592773438,19.0805320739746,16.243049621582,14.6315908432007,13.9499998092651
"265",349,0,13.5555076599121,20.5801525115967,24.590311050415,25.516092300415,25.0772342681885,23.9139156341553,21.0167446136475,18.1071434020996,16.9395027160645,13.9499998092651
"266",349,60,13.4023065567017,19.646240234375,23.6960830688477,24.8088989257812,24.6739158630371,23.7834148406982,21.1349067687988,18.1547012329102,16.9384346008301,13.9499998092651
"267",349,120,13.2311630249023,18.9376220703125,22.9239616394043,24.1624221801758,24.2629528045654,23.6078643798828,21.2270698547363,18.2029876708984,16.9375419616699,13.9499998092651
"268",349,180,13.1145734786987,18.3766498565674,22.2593002319336,23.5744647979736,23.857250213623,23.4024753570557,21.293420791626,18.2514877319336,16.9368267059326,13.9499998092651
"269",349,240,13.0464582443237,17.9264144897461,21.6833820343018,23.0418472290039,23.4645004272461,23.1789817810059,21.3352317810059,18.2997188568115,16.9362869262695,13.9499998092651
"270",349,300,13.7484178543091,17.5617179870605,21.1820869445801,22.5600967407227,23.0891971588135,22.9460964202881,21.3544254302979,18.3472423553467,16.9359226226807,13.9499998092651
"271",349,360,18.6586780548096,17.9945220947266,20.8233203887939,22.1324844360352,22.7348804473877,22.7100219726562,21.3533592224121,18.3936710357666,16.9357280731201,13.9499998092651
"272",349,420,28.3332252502441,20.2546424865723,20.9086036682129,21.8353385925293,22.4182472229004,22.4772510528564,21.3345050811768,18.4386730194092,16.935697555542,13.9499998092651
"273",349,480,39.1172294616699,24.2391033172607,21.677921295166,21.8037967681885,22.18678855896,22.2612419128418,21.3008289337158,18.4819755554199,16.9358234405518,13.9499998092651
"274",349,540,48.9383888244629,29.113353729248,23.117094039917,22.1313076019287,22.1027488708496,22.0865077972412,21.2565364837646,18.5233840942383,16.9361000061035,13.9499998092651
"275",349,600,56.4501953125,34.1242179870605,25.0308151245117,22.8297138214111,22.2107944488525,21.9833984375,21.2076644897461,18.562801361084,16.9365196228027,13.9499998092651
"276",349,660,61.020622253418,38.5902786254883,27.1850471496582,23.8256797790527,22.5252208709717,21.9781360626221,21.1619529724121,18.6002674102783,16.9370727539062,13.9499998092651
"277",349,720,62.0792846679688,41.9296340942383,29.2979412078857,25.0196857452393,23.0216865539551,22.0862159729004,21.1279239654541,18.6359748840332,16.9377517700195,13.9499998092651
"278",349,780,61.2636260986328,44.1102104187012,31.1585693359375,26.260232925415,23.6585159301758,22.3064556121826,21.1137027740479,18.6702728271484,16.9385528564453,13.9499998092651
"279",349,840,59.7989692687988,45.3017845153809,32.6680908203125,27.460542678833,24.3691253662109,22.6253147125244,21.1256809234619,18.7036380767822,16.9394702911377,13.9499998092651
"280",349,900,55.5939445495605,45.3927421569824,33.7880706787109,28.5331916809082,25.1042957305908,23.0180606842041,21.167818069458,18.7366371154785,16.940502166748,13.9499998092651
"281",349,960,48.60986328125,44.1420478820801,34.4033126831055,29.410270690918,25.8116836547852,23.4568977355957,21.241361618042,18.7698669433594,16.9416446685791,13.9499998092651
"282",349,1020,39.724422454834,41.4820251464844,34.4084625244141,30.0134391784668,26.4389724731445,23.9111881256104,21.3449516296387,18.8039112091064,16.9428997039795,13.9499998092651
"283",349,1080,29.7749061584473,37.6227226257324,33.7646141052246,30.2756805419922,26.9334869384766,24.3479404449463,21.4747314453125,18.8392848968506,16.9442729949951,13.9499998092651
"284",349,1140,20.8430786132812,33.1430702209473,32.5247383117676,30.1594142913818,27.249454498291,24.7334461212158,21.6245155334473,18.8763961791992,16.9457683563232,13.9499998092651
"285",349,1200,17.3064937591553,28.9001502990723,30.9275150299072,29.6918430328369,27.358865737915,25.0369281768799,21.786153793335,18.9155044555664,16.9473915100098,13.9499998092651
"286",349,1260,15.9673480987549,25.9087238311768,29.2635841369629,28.9935569763184,27.2712097167969,25.2360038757324,21.9502849578857,18.956693649292,16.949146270752,13.9499998092651
"287",349,1320,14.8406028747559,23.8370304107666,27.8130741119385,28.1765556335449,27.0326557159424,25.3246879577637,22.1074848175049,18.9998683929443,16.9510440826416,13.9499998092651
"288",349,1380,14.4676151275635,22.2415256500244,26.5676956176758,27.3641109466553,26.6859283447266,25.3139495849609,22.249698638916,19.0447616577148,16.953088760376,13.9499998092651
